case_id,label,n_users,n_interactions,n_comments,n_reposts,duration_h,d95_h,peak_24h,first_24h_share,comment_share,max_user_share,max_gap_h,n_active_windows,truncated,passes_filter,quality_score
26f247cc05fd53e12daa91c98e7feab8,fake,642,684,533,151,166.7,155.4,257,0.376,0.779,0.012,69.8,5,no,yes,1.000
f983d8f70e265ec265acd9ea93e9b10d,fake,124,136,35,101,117.3,70.2,85,0.632,0.257,0.022,25.6,5,no,yes,1.000
3914efb90462720f1826fb8fb36f42c8,real,258,378,245,133,241.4,81.8,345,0.913,0.648,0.296,86.1,8,no,yes,1.000
bf072950ef3baf316bad16724a9a87fb,real,473,1056,875,181,135.6,53.4,949,0.899,0.829,0.160,23.4,6,no,yes,1.000
d4e8f052201421faa5f9151868b944d1,real,233,381,295,86,104.2,40.3,358,0.940,0.774,0.197,10.1,5,no,yes,1.000
cb54a50418c3fdde86c6c3ab2d546a4b,real,224,372,272,100,104.8,31.2,352,0.946,0.731,0.250,8.8,5,no,yes,0.998
358c4bfb059f6040f6f8b2677128f1aa,real,209,260,209,51,1365.0,476.9,197,0.758,0.804,0.127,368.6,16,no,yes,0.972
68665bf53973dea5036336fcc5dc9eea,fake,365,387,90,297,274.0,62.2,200,0.124,0.233,0.008,98.6,7,no,yes,0.927
7cfe610e01dafc496143664a1a8cf87d,fake,126,155,101,54,132.5,27.6,147,0.948,0.652,0.013,74.3,4,no,yes,0.908
3e242f05455fba471a54f8f523a1a94c,real,347,756,640,116,120.5,23.8,721,0.954,0.847,0.139,68.5,5,no,yes,0.898
6fc91ddc3e300b185b916815e059f456,real,338,678,444,234,201.3,48.6,449,0.664,0.655,0.327,56.9,8,no,yes,0.887
afc5ba429bc79086f05d6798e4ed978a,fake,206,221,134,87,219.5,39.6,156,0.285,0.606,0.023,158.1,4,no,yes,0.881
22c6a11c223c838fa933b5b4af777fcc,real,261,410,255,155,144.7,37.9,381,0.929,0.622,0.346,25.1,7,no,yes,0.869
58cc07acc9700c904ad00b793bb6bc24,real,752,1106,757,349,4205.2,707.1,723,0.654,0.684,0.296,797.3,64,no,yes,0.868
25d9ed3994c2d5f030b864867facab47,fake,183,187,53,134,156.0,24.5,177,0.947,0.283,0.011,74.7,5,no,yes,0.857
b4a497151507853058c8c50b6c6670f5,fake,338,355,208,147,172.4,26.8,274,0.775,0.586,0.011,94.2,4,no,yes,0.855
34af06246481ccbb6d584ee0888933d0,real,130,212,126,86,119.5,41.1,198,0.934,0.594,0.373,32.2,5,no,yes,0.855
b9801872032a3bee629f6559bbf503ba,fake,142,159,30,129,165.8,24.4,151,0.950,0.189,0.019,76.6,4,no,yes,0.847
1ca00852d46f345ac85388e7d518898e,real,454,662,459,203,106.0,16.4,653,0.986,0.693,0.305,36.6,5,no,yes,0.844
267d91a277e9690d469c5d79194c2d4b,real,359,751,600,151,177.3,24.4,689,0.917,0.799,0.186,69.8,6,no,yes,0.838
70fa0bdb6ede55384664bd1667602021,real,519,776,529,247,175.2,28.8,697,0.898,0.682,0.314,54.2,6,no,yes,0.835
b072bc2d28865cf292d734ccfecce869,real,155,223,155,68,99.2,12.7,217,0.973,0.695,0.260,51.4,3,no,yes,0.828
dfb9f2af5bb9b16ba717b91d6be5fa2f,fake,136,143,65,78,151.2,17.8,139,0.972,0.455,0.014,98.0,3,no,yes,0.818
3dac58ea8cfef832bde25278a699fd45,fake,151,158,100,58,106.2,11.9,153,0.968,0.633,0.013,39.9,4,no,yes,0.812
c72f72d8f19ff72b093ed08c1c6ef378,real,157,228,156,72,125.4,13.6,222,0.974,0.684,0.259,93.0,3,no,yes,0.809
641681287f58602c0b5adf5f515e2820,fake,655,686,311,375,167.5,17.5,681,0.993,0.453,0.004,71.5,4,no,yes,0.804
331d9bfeda2419d13b8a96138bcbb0d5,fake,158,170,103,67,310.3,32.1,149,0.876,0.606,0.012,218.9,5,no,yes,0.803
8e1b7dea21aa59d8b4201ecb6a2f6b97,fake,227,234,211,23,333.2,32.5,218,0.932,0.902,0.009,203.7,5,no,yes,0.797
9df7aba8bfd239deb710bbb0e23167c1,real,535,813,537,276,149.9,23.4,773,0.951,0.661,0.330,58.7,5,no,yes,0.797
10af5e2dcba0c862616f751fbefe9d00,real,841,1160,848,312,276.8,25.6,1083,0.934,0.731,0.259,109.0,5,no,yes,0.792
368b7cb33cdcace28a34b844326ad8ff,real,781,1199,970,229,113.9,10.0,1184,0.987,0.809,0.178,24.1,5,no,yes,0.788
34b05e122f1e089a2d3c3a09eabc87db,real,187,392,288,104,170.6,14.7,380,0.969,0.735,0.250,70.0,6,no,yes,0.786
c35e506d48bdcf562aca71f554f766f5,real,498,712,499,213,144.6,12.3,701,0.985,0.701,0.292,40.5,5,no,yes,0.785
ef2e4b29131f1e83e736e6b2be6a4809,real,543,799,559,240,210.9,17.8,778,0.974,0.700,0.277,106.9,6,no,yes,0.784
6a62afd4dc6de5d599975be1cef6a3f3,real,413,714,502,212,510.6,40.7,640,0.896,0.703,0.273,253.6,8,no,yes,0.780
befb51c3768ff648c76567ba2feb7c61,real,571,881,619,262,124.5,9.8,856,0.973,0.703,0.285,30.4,5,no,yes,0.779
eef574943986ee901160a69c8c95ce80,fake,350,406,86,320,915.0,72.2,162,0.399,0.212,0.030,624.9,13,no,yes,0.779
67f42d35901d79f0297d69c26dff82bc,real,459,532,450,82,1582.6,123.5,445,0.836,0.846,0.120,526.5,25,no,yes,0.778
ca4f13d74b1328c1f2369fd7f3e8821a,fake,139,251,95,156,545.5,42.0,223,0.888,0.378,0.215,329.4,7,no,yes,0.777
585b4dd237fffef174910405e712068f,real,990,1491,1063,428,146.0,11.1,1458,0.978,0.713,0.278,69.0,5,no,yes,0.776
0daf71be9fe5f0acc8ef68ab4735598e,real,599,810,602,208,109.7,8.3,794,0.980,0.743,0.242,27.1,5,no,yes,0.776
9026a9e01d7f8a3ea42e4d50c1bca9db,real,480,705,480,225,196.2,19.5,676,0.959,0.681,0.312,48.9,7,no,yes,0.775
234dd2400d46d2d9d5b34bc8ee77faee,real,341,487,342,145,211.2,15.2,476,0.977,0.702,0.271,70.7,5,no,yes,0.772
5dc461ef032f05238d0a4a8e2b49959b,real,334,435,323,112,124.9,8.9,426,0.979,0.743,0.225,51.4,4,no,yes,0.771
04e6db1788f16b2fe9113f45b6485937,real,242,405,292,113,149.7,10.7,400,0.988,0.721,0.249,63.6,5,no,yes,0.771
8bf59a0e69a05c7bf74ba3245ef3f239,real,181,299,179,120,103.1,22.6,286,0.957,0.599,0.378,24.4,5,no,yes,0.764
3dd964d1bd586a746539b79f6c7ee9ec,real,496,939,789,150,415.0,24.8,855,0.911,0.840,0.146,270.9,7,no,yes,0.760
d71b08a975583f01aa183b915283aa99,real,484,737,481,256,148.2,16.9,722,0.980,0.653,0.327,46.9,5,no,yes,0.760
e4d1af13c7ce578e33e347b73c108322,real,133,238,130,108,97.5,48.3,222,0.933,0.546,0.420,44.4,5,no,yes,0.760
3d086214d3987911458d4ef444075f0c,real,397,597,395,202,170.4,17.1,587,0.983,0.662,0.322,47.0,6,no,yes,0.757
9a74296ad4c231241c1ac6057c08bbcb,real,252,386,249,137,116.9,17.6,377,0.977,0.645,0.347,34.0,5,no,yes,0.757
00ee1f47431c16fcb3729c5376a8ad9a,real,586,868,587,281,135.8,13.0,855,0.985,0.676,0.320,49.6,5,no,yes,0.755
a289e23e884db4c1ad0cded23003d429,real,269,397,276,121,209.4,12.5,385,0.970,0.695,0.302,65.1,6,no,yes,0.755
1fe34c09ceb0d16fa33afd059ec4b7cd,real,570,841,571,270,228.7,14.2,832,0.989,0.679,0.304,142.3,5,no,yes,0.753
48800d19e90a0d2b7826d8d2452a3ca8,real,532,701,533,168,155.5,8.1,691,0.986,0.760,0.220,95.8,4,no,yes,0.752
a346f61cc0427757bc15ffcf26d99c38,real,533,738,532,206,124.8,6.5,727,0.985,0.721,0.259,67.3,4,no,yes,0.752
1925e042bf817cd385afec2a95d16e21,real,435,615,440,175,202.7,10.5,605,0.984,0.715,0.278,121.5,5,no,yes,0.752
3e347ad87be832a47dcf67df4521e17e,fake,802,871,486,385,1045.7,52.1,712,0.817,0.558,0.005,353.7,16,no,yes,0.750
887718176eea672450e128a00f16c01f,real,989,1480,1080,400,122.2,6.0,1468,0.992,0.730,0.259,38.8,5,no,yes,0.749
025586c09c8bdcc653d23113a7b4b646,real,510,760,523,237,190.9,12.0,747,0.983,0.688,0.311,105.5,5,no,yes,0.742
445d673a0bcb9d2b2854d050df131b35,real,362,618,447,171,287.8,11.7,606,0.981,0.723,0.265,169.6,5,no,yes,0.741
162b9c91d6e5c7e440b74d790c787b8a,real,493,756,491,265,122.3,14.4,740,0.979,0.649,0.340,38.3,5,no,yes,0.738
e509502b7c0ff0551eeebe0b26182982,fake,929,1033,200,833,351.1,13.2,1008,0.976,0.194,0.006,150.6,9,no,yes,0.738
83d3e9a789a136e49223f6bbf8786b51,real,560,894,559,335,114.3,17.2,877,0.981,0.625,0.357,27.0,5,no,yes,0.737
33d79563e6543de9c492f3a7e68b8c43,real,565,845,572,273,171.9,11.6,827,0.980,0.677,0.316,88.4,5,no,yes,0.736
a7159aae0dc214b6182a7c22e6864920,real,242,361,232,129,234.8,14.4,354,0.981,0.643,0.313,153.6,5,no,yes,0.736
8a7641a7ee16e65585ebfc0b0d1d7459,real,341,519,339,180,162.9,15.3,512,0.987,0.653,0.329,90.7,5,no,yes,0.735
02213017fdba62a4bfb7b7ccbad597a7,real,373,579,364,215,99.2,14.0,561,0.969,0.629,0.354,20.0,5,no,yes,0.733
279ee529b4181a6114116e24fa66ac70,real,298,424,292,132,275.2,8.2,421,0.993,0.689,0.269,112.0,4,no,yes,0.730
ef63fb747a925725efa02c94401cdaba,real,427,615,422,193,742.0,20.8,594,0.966,0.686,0.299,375.0,10,no,yes,0.728
7c2139967ecfdbddd3a5802e33b43802,real,361,560,352,208,101.4,11.0,544,0.971,0.629,0.341,19.4,5,no,yes,0.726
e081f47f69673f152e554e8b2b2fa0ca,fake,237,252,47,205,358.1,26.0,237,0.940,0.187,0.012,289.6,4,no,yes,0.725
8fab655e6d7a855dccd90c76f7b65226,real,821,1210,822,388,117.9,5.7,1195,0.988,0.679,0.312,18.4,5,no,yes,0.723
d98f66af47a13ad483b52f466243456c,real,721,1032,741,291,336.2,7.6,1021,0.989,0.718,0.265,258.1,5,no,yes,0.723
53f390de6c16d162efba580be589b233,real,772,1163,846,317,401.0,8.8,1147,0.986,0.727,0.266,194.3,7,no,yes,0.722
6f2b7e632c64ba5835164abe2f1ab28e,real,444,736,455,281,210.2,32.6,675,0.917,0.618,0.367,59.1,7,no,yes,0.721
9d8fdb6108340e2c0cc1269ee41b4333,real,983,1315,1044,271,291.8,6.2,1306,0.993,0.794,0.195,191.9,5,no,yes,0.721
cf5522f51f8be6859840b0b948bb813c,real,704,1089,724,365,140.5,12.3,1074,0.987,0.665,0.333,47.5,5,no,yes,0.721
c21c8b62cb7114c2444182b98764a1c6,real,135,227,132,95,174.4,23.3,216,0.952,0.581,0.357,76.2,4,no,yes,0.720
ebae943aa6b9628ef8ba084908e27ca0,real,477,605,471,134,227.2,4.5,600,0.992,0.779,0.198,186.7,3,no,yes,0.720
85ae942a6e79784ff8ce2d4ca9627403,real,206,339,203,136,207.6,41.1,316,0.932,0.599,0.389,102.7,6,no,yes,0.719
bcd7603584f6ca2c6154b53b872457b2,real,999,2360,1993,367,335.5,5.4,2341,0.992,0.844,0.150,163.8,8,no,yes,0.716
d3ce1100b5152c415fa0d388a973ffc7,real,954,1422,964,458,6789.7,916.1,1097,0.771,0.678,0.308,1630.1,65,no,yes,0.714
497017bcf89dc17f7079c56d5cec8efd,real,433,628,450,178,354.4,19.8,617,0.982,0.717,0.261,290.2,4,no,yes,0.712
452203a0d026997c8bd1a670cbad3c16,real,466,815,461,354,190.2,48.6,722,0.886,0.566,0.423,140.0,4,no,yes,0.709
2d4e31029ce28eba1ec0e0a24e48fe2b,real,213,356,213,143,193.5,34.5,335,0.941,0.598,0.385,118.5,5,no,yes,0.709
4d7c5b29cb6da596171a7d05beec3ef2,fake,117,122,64,58,547.1,33.6,112,0.918,0.525,0.016,410.9,6,no,yes,0.706
74d18958dcde407a635ee26d624022e8,real,444,657,443,214,600.9,19.3,633,0.963,0.674,0.314,303.4,9,no,yes,0.705
cebff585683cb7d2d6e309add20e8ff0,real,659,981,681,300,429.9,14.7,956,0.975,0.694,0.299,341.6,5,no,yes,0.703
f89cd934fe3d6cdf99926d7c1b17afd9,real,491,749,488,261,136.3,7.3,741,0.989,0.652,0.327,55.9,4,no,yes,0.699
91771c75e4db913acdbee9f61cf7dc81,real,820,1259,831,428,184.5,11.1,1236,0.982,0.660,0.333,61.7,7,no,yes,0.694
717c4dc5446fa16cbe2b2f37f8904286,real,379,852,493,359,120.0,24.4,795,0.933,0.579,0.407,40.6,6,no,yes,0.689
aaa2ee4bd60061668913caea2f3b70be,real,276,456,273,183,120.7,19.8,435,0.954,0.599,0.388,20.8,6,no,yes,0.688
e2151d2ebe69fa307b13965108ba9885,real,174,288,171,117,171.9,24.6,273,0.948,0.594,0.378,68.5,6,no,yes,0.686
d73d795305e34c0d6578af4bdf81fa0e,real,862,1485,973,512,180.7,9.2,1453,0.978,0.655,0.335,45.5,7,no,yes,0.680
1936450b4b9b24000d4e52a948617f27,real,234,379,231,148,232.0,31.2,349,0.921,0.609,0.377,110.0,6,no,yes,0.680
cddeef8482fb143d0b997f2766107704,real,521,795,519,276,326.9,11.8,779,0.981,0.653,0.328,135.4,5,no,yes,0.679
8a8781b598ba835f3d0c22f98d212369,real,305,475,296,179,174.8,11.3,469,0.987,0.623,0.343,97.7,4,no,yes,0.678
b0c1a0755ef2211e85d27e7bb0e6922d,real,187,315,180,135,139.4,25.7,299,0.949,0.571,0.403,72.0,4,no,yes,0.678
acd6926e4d25c944990f7c071893b5e9,real,939,2371,1609,762,635.7,11.1,2332,0.984,0.679,0.320,179.5,14,no,yes,0.677
7562e47b038a098d8037ff99c283bee8,real,343,563,335,228,104.3,14.5,550,0.977,0.595,0.382,27.4,4,no,yes,0.675
9f31ba9f0e51c3d512a18a501a8ad891,real,464,736,457,279,112.4,11.2,733,0.996,0.621,0.363,38.6,4,no,yes,0.674
d293a73970751898b5d83f5525a15fcc,real,223,425,221,204,119.9,48.8,362,0.852,0.520,0.464,15.8,5,no,yes,0.673
121341bf77241e6ea80847e4d31d80c7,real,525,823,553,270,414.8,9.9,804,0.977,0.672,0.326,167.9,7,no,yes,0.673
7c1984b4c97d8cd541f750030e8b9a32,real,526,837,532,305,128.5,10.2,813,0.971,0.636,0.354,31.5,6,no,yes,0.672
f6660e3ed88b4e1e9abc33ec5f4d3e15,real,420,753,422,331,118.0,27.3,658,0.874,0.560,0.432,20.3,5,no,yes,0.668
100536e843cd4e307e1a2865b28b1f05,real,226,374,224,150,175.0,26.0,346,0.925,0.599,0.390,117.4,4,no,yes,0.668
1e52c0353303549e1dca0578e701c84e,real,381,553,381,172,463.5,13.5,545,0.986,0.689,0.297,375.2,5,no,yes,0.667
277970da4521890c985818775149ac3b,real,341,539,340,199,146.6,13.0,526,0.976,0.631,0.362,71.9,5,no,yes,0.665
477c1e86e80e7b29fbf719d188d3bcca,real,240,417,227,190,289.5,53.7,372,0.892,0.544,0.412,63.1,9,no,yes,0.661
1a213783461da197779f9f6a4f118e13,real,312,560,316,244,363.6,70.1,486,0.868,0.564,0.418,96.8,10,no,yes,0.657
262d332631767cdcf32676f115dd77a4,real,848,1312,864,448,866.6,18.5,1276,0.973,0.659,0.332,315.6,11,no,yes,0.657
40cc4f60f84c512c45d3be7d7371d66e,real,267,465,255,210,342.4,59.4,423,0.910,0.548,0.409,119.8,9,no,yes,0.656
619f582e27e736ebc4c5def47f954535,real,344,535,344,191,291.9,10.8,526,0.983,0.643,0.342,221.3,4,no,yes,0.653
55451b3b64597f7879f03de8b1ecb168,real,322,486,318,168,249.8,8.8,478,0.984,0.654,0.342,123.6,5,no,yes,0.652
d3323e5bfbe4bfb13a42449381103276,real,261,430,260,170,131.6,12.0,420,0.977,0.605,0.370,43.1,5,no,yes,0.652
642580a03c5f043ef1267a0284864419,real,961,1542,995,547,172.2,8.3,1527,0.990,0.645,0.348,49.8,6,no,yes,0.652
33e010c9f85022a8af06b611fb9797e1,real,201,373,203,170,145.1,31.6,304,0.815,0.544,0.434,26.0,6,no,yes,0.649
42d5fcee52e7a624735bc900591bb911,real,563,876,594,282,435.4,9.4,866,0.989,0.678,0.318,349.4,5,no,yes,0.648
0c1ec307db6ae85c32acb0238de5f89a,real,851,1329,866,463,1203.9,27.4,1119,0.842,0.652,0.338,445.7,15,no,yes,0.646
43bd7c837515525a4885bc23011270a4,real,607,962,649,313,1079.9,18.2,934,0.971,0.675,0.312,507.0,12,no,yes,0.643
7a939ca218d3aad3663e752051bf1b66,real,364,582,359,223,290.7,19.1,566,0.973,0.617,0.363,86.0,8,no,yes,0.641
0997bffd43669b8df19cac96b67829ac,real,556,860,545,315,158.2,4.9,852,0.991,0.634,0.347,72.9,5,no,yes,0.638
433c4b1933cfc46d061e079c6efd7bfd,fake,612,633,97,536,817.0,27.8,460,0.727,0.153,0.005,443.5,8,no,yes,0.636
649bd2f4c6e1fd16dbbfdb49472d435a,real,664,1078,665,413,192.1,14.9,1070,0.993,0.617,0.371,86.9,7,no,yes,0.635
f1de32f8fe048c15cab660e0e134078f,real,446,769,445,324,202.0,30.2,674,0.879,0.579,0.408,49.4,7,no,yes,0.633
65e3044fc963c27e11dd4b3194833ea5,real,657,1055,672,383,315.8,9.0,1031,0.977,0.637,0.348,242.5,5,no,yes,0.633
b304db1aca0256140d5730d0086bd0e9,real,284,438,272,166,394.7,6.0,433,0.989,0.621,0.342,243.7,5,no,yes,0.630
ee7b875a133578bafe547abfc1577960,real,619,973,616,357,202.3,8.3,946,0.972,0.633,0.356,90.5,6,no,yes,0.630
bf8c0b44bcbdbdaa808c229c0dad70c3,real,202,350,192,158,254.7,40.3,299,0.854,0.549,0.414,127.5,6,no,yes,0.630
0c0227e839e189ac04cd0d94e4e3e82e,real,490,803,497,306,118.2,8.1,794,0.989,0.619,0.370,24.8,5,no,yes,0.629
6453342b60aee1f6fec5a308003c619f,real,527,832,527,305,220.6,8.0,824,0.990,0.633,0.355,58.0,7,no,yes,0.627
30087d53b7cc67d9e8fda6bde20ca811,real,343,544,332,212,545.0,21.3,524,0.963,0.610,0.357,322.9,8,no,yes,0.626
33d0e97127914c432d210ff02e7412f0,real,312,529,304,225,140.8,18.1,508,0.960,0.575,0.403,32.5,6,no,yes,0.623
18daa38468886b5ce43f7a2d65c9631d,real,285,429,277,152,705.6,12.5,420,0.979,0.646,0.326,373.1,8,no,yes,0.623
d51cc10f35e893ea67d81ae39de6b396,real,631,1004,627,377,528.7,20.4,961,0.957,0.625,0.359,175.3,9,no,yes,0.621
c4c5086a79a6140cbb3013ff6aaea524,real,416,658,418,240,317.4,10.1,651,0.989,0.635,0.356,188.0,6,no,yes,0.621
5e214c7d3b1942cadd885e3869cad21c,real,332,594,427,167,762.5,30.2,540,0.909,0.719,0.253,408.9,7,no,yes,0.620
87da75ee4c0a004f81ac5cd410b33b51,real,401,667,402,265,109.9,11.1,654,0.981,0.603,0.391,23.3,5,no,yes,0.619
3361de2f0638cb992cddadc2a131ad96,real,640,1127,675,452,530.5,46.1,1029,0.913,0.599,0.384,201.8,12,no,yes,0.618
1b9d8107a07e5d37531e9f9a547bac18,real,428,903,441,462,190.0,93.5,801,0.887,0.488,0.492,12.8,8,no,yes,0.617
bcfa8ad205fae3cbfe8c833702b378cf,real,450,735,461,274,598.8,26.1,692,0.941,0.627,0.365,261.3,8,no,yes,0.614
2bd831e552620a70726c44b9f6670d0d,real,284,437,268,169,496.7,14.7,426,0.975,0.613,0.350,337.9,6,no,yes,0.614
bf5bcb5e41e1aafcad049043da2b384a,real,453,851,449,402,141.8,32.3,798,0.939,0.528,0.457,10.6,6,no,yes,0.614
c5b910e327498c5bbdd75b84249a9281,real,135,218,120,98,243.4,17.5,213,0.977,0.550,0.376,212.2,3,no,yes,0.613
5b086a2bf342aad6313740b6b46b0f0c,real,288,507,285,222,172.9,24.1,481,0.949,0.562,0.414,77.2,5,no,yes,0.611
968382b91a89f66bd220cb79fd56f931,fake,343,400,122,278,563.1,58.7,394,0.000,0.305,0.010,455.0,4,no,yes,0.610
3d98bd6497fa655728d64798f76fbde1,real,255,491,251,240,98.6,26.3,463,0.943,0.511,0.479,12.3,5,no,yes,0.610
fad4b66655c162c449aa836ebb72ed93,real,454,809,448,361,116.3,21.5,792,0.979,0.554,0.438,17.8,5,no,yes,0.610
64c5abccc8601c6dca239adfdc8022a5,real,573,979,576,403,149.4,13.6,951,0.971,0.588,0.391,29.2,7,no,yes,0.608
8733936057e1c6f9225dc042034bb7bb,real,522,868,521,347,113.6,10.1,848,0.977,0.600,0.391,20.6,5,no,yes,0.608
45e4836b9d3bb3abc669190a201cdd1a,real,795,1295,797,498,252.6,15.9,1263,0.975,0.615,0.378,43.0,10,no,yes,0.608
4316092b757103b683ddd88855c15412,real,121,252,142,110,437.9,25.7,233,0.925,0.563,0.377,212.6,7,no,yes,0.605
1242a050a99a78057f9e44ea72d0455c,real,323,532,315,217,1175.1,66.3,470,0.883,0.592,0.376,721.6,16,no,yes,0.605
0f92ff8bbe5445653e3d7d0441d89f29,real,114,198,100,98,192.4,25.4,185,0.934,0.505,0.414,103.2,5,no,yes,0.604
aea674830c08ab46bf1cce6784303242,real,584,931,584,347,270.7,9.4,914,0.982,0.627,0.366,191.9,5,no,yes,0.602
7d19efac9889b0cc979b86d053168735,real,215,383,206,177,174.5,28.3,359,0.937,0.538,0.431,86.9,5,no,yes,0.601
b172e5af7c2c9b5af7183a3b63319544,real,798,1324,805,519,359.2,26.8,1242,0.938,0.608,0.387,241.4,5,no,yes,0.600
2733f2d07ec081ac3104aad188d8ca26,real,889,1427,900,527,253.6,7.1,1416,0.992,0.631,0.364,101.7,6,no,yes,0.599
74ece92fe2434f40e56bcc46bba28c3d,real,343,555,333,222,111.8,6.9,538,0.969,0.600,0.382,22.4,5,no,yes,0.598
270b634e3ff22997cc2bf970e496dc66,real,301,478,291,187,417.7,8.7,470,0.983,0.609,0.362,147.0,6,no,yes,0.597
6644222b480bf43813a9c2c3f4ef64c0,real,422,683,410,273,530.8,22.8,650,0.952,0.600,0.373,234.6,11,no,yes,0.596
ffd06d8a79b15164dfc6098c8f012277,real,290,365,296,69,938.2,72.8,190,0.521,0.811,0.186,560.4,7,no,yes,0.596
970882bb31a47debc91baa4cecb3c8a9,real,395,604,392,212,1179.5,31.6,570,0.944,0.649,0.339,378.4,13,no,yes,0.595
4bed2570dc26c5c961080d073d1cdf53,real,854,1059,891,168,786.6,18.4,1033,0.975,0.841,0.155,384.9,7,no,yes,0.594
f0607d180085032823d2f6a60d42e5fe,real,375,620,369,251,443.8,24.5,587,0.947,0.595,0.384,167.2,10,no,yes,0.587
082911dd7f23bab98e6427e6ffe7ba63,real,663,1105,661,444,230.0,13.3,1084,0.981,0.598,0.386,123.8,6,no,yes,0.587
2a83bcdb72ccfd83e7fe53444c81d381,real,785,1315,788,527,193.9,11.7,1311,0.997,0.599,0.387,148.3,3,no,yes,0.586
a229dcad53b19922571889a330672fc4,real,218,357,210,147,245.1,10.4,350,0.980,0.588,0.378,174.9,4,no,yes,0.586
08d6e576ac06659b063eb3d8884dfb71,real,365,653,427,226,589.0,16.7,635,0.972,0.654,0.331,458.1,6,no,yes,0.583
240d142db521d3a0c23b9abe67124783,real,313,504,300,204,324.9,10.4,490,0.972,0.595,0.371,177.0,4,no,yes,0.583
dc202bd7b72013da6e077af70337274e,real,238,463,233,230,99.6,24.1,439,0.948,0.503,0.479,25.1,5,no,yes,0.583
b48c81395145d0af722bbc0645d053c8,real,546,911,544,367,287.6,16.6,887,0.974,0.597,0.387,66.7,8,no,yes,0.583
9deb7ebaa586f8cb3800edca9a9ebd67,real,719,1229,718,511,102.4,9.6,1205,0.980,0.584,0.406,40.5,5,no,yes,0.582
996dac83a5a58e1cd8654306d63f97a1,real,923,1424,985,439,574.0,10.3,1413,0.992,0.692,0.300,399.6,5,no,yes,0.582
b3bc431f3912823a770138212b034a66,real,272,450,265,185,173.3,11.0,445,0.989,0.589,0.391,127.0,3,no,yes,0.581
fb5de84585d68fbeffdbbc785a71dfe3,real,392,658,388,270,318.9,19.6,634,0.964,0.590,0.391,166.6,8,no,yes,0.580
43f60660f10d933948c88418c9e6323f,real,454,754,466,288,495.3,15.7,729,0.967,0.618,0.369,351.1,6,no,yes,0.580
4e83814af0b38f87e5aa668bc04312cb,real,763,1263,778,485,387.2,13.2,1250,0.990,0.616,0.377,304.3,5,no,yes,0.580
3555cafac8dc42453968704f8d224087,real,534,904,546,358,104.5,5.7,900,0.996,0.604,0.387,48.8,4,no,yes,0.580
0c9e3b0bc5614fdc4066b0cd6b79096e,real,161,260,141,119,746.4,90.3,228,0.877,0.542,0.388,331.0,8,no,yes,0.580
03bb2c61188804b0ed47efb4b2b3fbd7,real,493,890,536,354,184.3,11.3,879,0.988,0.602,0.391,99.5,5,no,yes,0.579
c92af33819c41cec4b5165c5362e1af9,real,691,1141,702,439,339.4,12.2,1121,0.982,0.615,0.379,248.4,5,no,yes,0.579
f0bc51f8ff70f6d8cb4b3723289bd8e5,fake,706,752,382,370,1650.2,35.2,411,0.548,0.508,0.005,1163.8,14,no,yes,0.577
3631b1b303bf149d9e18b444965cab1d,real,530,903,520,383,284.5,24.8,855,0.948,0.576,0.405,63.1,10,no,yes,0.576
907393640ca34db505d6fefd72f29e3d,fake,307,343,294,49,1382.5,91.1,148,0.353,0.857,0.015,1126.8,10,no,yes,0.576
d8e6587416398bbbeda4a13a43964963,real,690,1028,682,346,410.4,9.2,1024,0.996,0.663,0.325,358.9,4,no,yes,0.573
dc3eafb2d7d7de87ba56a943e4dac0a0,real,466,756,453,303,574.5,14.2,742,0.981,0.599,0.377,215.1,8,no,yes,0.571
55463897f27c6e27c7c8e6b355d97311,real,447,742,446,296,266.1,9.6,732,0.987,0.601,0.384,105.2,6,no,yes,0.568
384373e9f3e6c486ac15b822632ebc62,real,371,619,368,251,207.4,11.4,609,0.984,0.595,0.394,122.7,5,no,yes,0.567
96645c77fdc0ab2d01afd4cfe4362c3a,real,590,970,589,381,623.6,19.1,939,0.968,0.607,0.382,359.3,9,no,yes,0.566
58ff31bddf5bf8c3c7a2fabd2e3a5982,real,665,1138,662,476,284.9,21.7,1092,0.960,0.582,0.407,51.5,10,no,yes,0.563
8047e553b6682e0bae6f11031e336bcf,real,407,686,400,286,286.7,15.9,669,0.975,0.583,0.397,147.4,7,no,yes,0.562
e0510fbccb6f1e45919fbfd78895c710,real,278,479,278,201,148.3,12.4,463,0.967,0.580,0.411,72.8,5,no,yes,0.561
d1d899fe8e05a36cdd11d66245f65e77,real,439,758,451,307,174.3,9.2,749,0.988,0.595,0.397,38.0,7,no,yes,0.559
bcbea4ea9cfe51d4ac37516a23696ba5,real,209,287,210,77,741.0,12.6,279,0.972,0.732,0.261,354.8,6,no,yes,0.559
93c7010255d0adc883cc8b8215c8a4d3,real,289,493,276,217,151.6,12.9,489,0.992,0.560,0.414,83.6,4,no,yes,0.558
ad9d38e751a4b721a491a755ff502809,real,308,574,302,272,291.5,37.2,539,0.939,0.526,0.436,186.8,6,no,yes,0.556
f030f59e7579dcda946ab8a3bd2733c6,real,259,499,255,244,177.7,35.9,468,0.938,0.511,0.473,49.6,6,no,yes,0.556
e552ed0a24ef74d33dc7c9d84946186a,real,233,403,226,177,128.7,8.3,398,0.988,0.561,0.404,85.2,3,no,yes,0.556
142f7a67803be64cf05e624918215f36,real,444,753,433,320,195.9,12.1,733,0.973,0.575,0.404,119.1,5,no,yes,0.554
2f9dcb81373d252e11c7eb5160dc2849,real,408,667,409,258,671.9,18.2,638,0.957,0.613,0.376,383.6,8,no,yes,0.553
b880b54e7d96a7f7ec27faf1b85ee243,real,215,363,215,148,138.5,7.0,360,0.992,0.592,0.399,96.9,3,no,yes,0.552
aae34d1e6367c5ec114ab1bb506430d3,real,758,1275,766,509,384.3,11.0,1239,0.972,0.601,0.389,166.3,10,no,yes,0.551
3b413d81c6ea818806a18394fd699e9e,real,969,1756,1093,663,536.6,20.8,1689,0.962,0.622,0.371,360.5,6,no,yes,0.550
aa320b3bc762bc12719017debdcbcf57,real,214,365,210,155,197.9,9.7,359,0.984,0.575,0.400,159.3,3,no,yes,0.549
ae810f2be4a0c4e6c2d83454e03164b4,real,322,589,314,275,182.0,19.8,564,0.958,0.533,0.431,43.8,7,no,yes,0.546
51a2b9651347f46ac976d8b27030f66d,real,511,756,505,251,1064.1,14.1,738,0.976,0.668,0.311,571.8,9,no,yes,0.546
0b52cd45f1d67636be82f3132b586201,real,369,1214,957,257,745.7,4.7,1205,0.993,0.788,0.200,330.7,6,no,yes,0.546
f03ab997fcd6fe0aadb319927ebc7e04,real,861,1188,877,311,1277.7,17.1,1148,0.966,0.738,0.253,652.2,10,no,yes,0.545
01248162b4bc4fcde78e49502ac203fd,real,412,804,587,217,625.0,4.1,796,0.990,0.730,0.251,448.4,5,no,yes,0.545
38a66c947de0ae446e328ca1d671ae08,real,419,694,420,274,665.2,16.7,672,0.968,0.605,0.390,463.2,9,no,yes,0.544
5fb93de1beef4a87b3d961857367a1b2,real,368,642,371,271,132.5,7.5,639,0.995,0.578,0.407,107.0,3,no,yes,0.544
d31c5904214bf12911b519e2a6442bf8,real,449,790,441,349,172.3,13.1,774,0.980,0.558,0.416,89.3,5,no,yes,0.543
70cac12edd4a140286f9eb9aa1ad7636,real,304,500,300,200,337.8,8.8,489,0.978,0.600,0.392,239.6,6,no,yes,0.542
57f80822cc3d73cc5c7a611bed2c3b99,real,473,677,478,199,1160.0,50.5,584,0.863,0.706,0.273,561.6,8,no,yes,0.542
eaa40beecf1d076064e44c54a752716c,real,297,508,297,211,132.3,8.0,500,0.984,0.585,0.409,83.0,3,no,yes,0.541
ac33d5627062bfa82c39179ed891f577,real,660,1117,666,451,288.6,10.9,1087,0.973,0.596,0.398,105.4,8,no,yes,0.541
a645dca9f9144458a2b1a08a0f7a5ccc,real,159,271,159,112,168.2,8.9,267,0.985,0.587,0.406,129.5,3,no,yes,0.541
689a420d0ce3d0867d81cd310d5081f7,real,658,957,673,284,915.9,14.4,949,0.992,0.703,0.288,671.6,7,no,yes,0.541
c50dc76c5671109a5a6252f7228ae0af,real,523,924,523,401,100.3,8.0,916,0.991,0.566,0.420,21.6,5,no,yes,0.540
9aaa47fae6e982aec570801def8b27c7,real,148,261,165,96,427.6,28.0,234,0.897,0.632,0.356,358.5,4,no,yes,0.540
d470beab51d119dc67491520575cebad,real,520,670,513,157,2882.9,76.0,546,0.815,0.766,0.215,1169.9,21,no,yes,0.539
f5d3851ee09c55c7fb26e891ca2c716e,real,329,580,329,251,173.3,10.8,571,0.984,0.567,0.412,97.2,4,no,yes,0.538
196183345f89b99abe539131baa897ee,real,688,1155,683,472,458.0,12.5,1135,0.983,0.591,0.395,162.2,10,no,yes,0.538
bfcea2246e5d0ad2c5da11731c263ac5,real,309,538,299,239,103.7,9.2,530,0.985,0.556,0.426,51.4,3,no,yes,0.537
f629a5f0cdaa55145d20cb47c5079080,real,738,1447,750,697,119.6,20.7,1396,0.965,0.518,0.468,23.6,5,no,yes,0.537
02ec106b1199f3df5f92ae01531fc718,real,579,1011,581,430,242.5,17.6,980,0.969,0.575,0.418,129.4,6,no,yes,0.536
703557631258e67e0b02bc7575904adb,real,406,719,405,314,228.2,19.7,702,0.976,0.563,0.426,85.8,6,no,yes,0.535
4b95aa651c8001a1685b5d78b8f550ee,real,334,573,338,235,172.5,8.2,568,0.991,0.590,0.407,64.0,5,no,yes,0.534
01134b742cb9fea9ac7fb82ad9c2897b,real,509,854,509,345,351.5,10.5,840,0.984,0.596,0.398,241.7,6,no,yes,0.534
387ffdd62425857f172b3e852ba770cd,real,530,894,556,338,976.3,17.5,871,0.974,0.622,0.370,639.9,11,no,yes,0.533
f19c65c2211a2ed31c2ad5982e33d21f,real,531,914,525,389,236.0,13.9,894,0.978,0.574,0.414,92.1,6,no,yes,0.532
8af4ef46c4199ba2ed9b713d48fbd04c,real,321,540,322,218,276.5,8.8,533,0.987,0.596,0.400,178.4,4,no,yes,0.532
be88a65b048a28645f4c0750777ad6d7,real,349,576,332,244,1892.3,214.4,488,0.847,0.576,0.387,743.2,18,no,yes,0.531
13c54016ba16e6dd258b567ea27de448,real,370,627,363,264,174.3,8.9,615,0.981,0.579,0.410,80.2,5,no,yes,0.531
9aa3db058e04033ac51c0837b1e7d2f4,real,421,717,419,298,326.8,9.2,702,0.979,0.584,0.400,91.8,6,no,yes,0.528
d5d942e27373bb01f0636b41e0e779e8,real,711,1229,712,517,190.6,8.7,1213,0.987,0.579,0.409,56.1,7,no,yes,0.527
225915eed3a47b76afc0265042282cd2,real,249,478,233,245,432.7,72.3,424,0.887,0.487,0.471,166.7,10,no,yes,0.526
5a148c95affa3dfe7bd5aa241175cd0f,real,587,1037,590,447,241.2,16.3,1003,0.967,0.569,0.421,83.0,6,no,yes,0.525
db83d0a875b522ba91d8e46f4ca5a18d,real,406,737,406,331,106.4,10.8,720,0.977,0.551,0.438,18.5,5,no,yes,0.525
d9712bf5c800ebbf3c0bb87106792aba,real,138,237,129,108,331.9,17.2,232,0.979,0.544,0.414,116.0,6,no,yes,0.525
d6a0e063c65d071a936aae0d5672c57d,real,504,850,492,358,1103.0,23.2,811,0.954,0.579,0.400,252.7,18,no,yes,0.521
d9312405e59f323abafb8750052a2290,real,545,951,550,401,258.1,12.9,928,0.976,0.578,0.415,148.7,6,no,yes,0.519
eaf159fdd67c17211448382caa8e977b,real,390,733,385,348,100.8,15.2,719,0.981,0.525,0.467,20.2,5,no,yes,0.518
1a373b43cc1c21765f1f5a7a83b4e8db,real,392,530,384,146,993.3,13.8,520,0.981,0.725,0.245,801.1,7,no,yes,0.518
9eb1d3d9b842fa93e1f03b7a843a90ce,real,396,562,387,175,742.9,16.4,542,0.964,0.689,0.290,655.6,5,no,yes,0.514
3be2f04e3de176b4fcd74035ee330c8a,real,456,730,458,272,591.1,14.2,713,0.977,0.627,0.363,448.0,6,no,yes,0.513
29cc3ee3d34d69eb4aeef09d776f5384,real,593,1085,623,462,1317.9,46.0,1013,0.934,0.574,0.411,313.1,23,no,yes,0.513
e021cb6410735d0a9526a0b4ca31df9a,real,735,1095,732,363,1106.8,6.1,1081,0.987,0.668,0.318,540.0,9,no,yes,0.513
18ee5a1834fe1bb5160c3ab5b6554d46,real,710,1309,734,575,328.3,21.7,1257,0.960,0.561,0.427,116.5,9,no,yes,0.512
d20e3b522fe2de0bd133755292a98a48,real,502,832,501,331,421.0,8.5,826,0.993,0.602,0.393,276.5,5,no,yes,0.512
f93e2c73515307fc3a0531c9ece32f24,real,332,624,333,291,112.0,14.1,612,0.981,0.534,0.458,37.8,5,no,yes,0.509
150d6ab7e1faba362148409823ddc9bb,real,407,725,402,323,258.2,18.4,720,0.993,0.554,0.432,82.2,6,no,yes,0.508
67a1f8723e077e903eb0dc437eb1d3f2,real,542,802,554,248,866.0,6.8,786,0.980,0.691,0.299,660.5,6,no,yes,0.507
37f0d746b95bab12e3908ea10709b53a,real,369,662,370,292,126.9,10.1,656,0.991,0.559,0.437,50.9,5,no,yes,0.507
7defe2d285f82bfc24ec8420b42c58b1,real,551,827,546,281,844.8,9.1,813,0.983,0.660,0.326,504.2,7,no,yes,0.506
a1140ddfeb891af1fca4faf04c3e1a31,real,923,1408,965,443,2057.3,50.6,1270,0.902,0.685,0.307,1395.3,14,no,yes,0.506
c60856086e593af1746eb5726b3aec16,real,510,987,558,429,896.1,35.9,891,0.905,0.565,0.417,454.8,15,no,yes,0.505
e1dc57ad0b042d7d0291d7c257110d54,real,441,837,436,401,177.8,25.2,792,0.946,0.521,0.468,76.6,6,no,yes,0.505
bca278697b0e5a5bfd46adc6454e4bdf,real,343,634,332,302,202.4,21.0,623,0.983,0.524,0.450,158.4,3,no,yes,0.505
97807070bd21e73a943f9f3a1f9c3831,real,405,757,401,356,150.5,17.8,739,0.976,0.530,0.457,46.0,6,no,yes,0.504
d2cc7a1281ed4e1a8eba5fbc9ff79e71,real,471,873,472,401,157.7,15.7,848,0.971,0.541,0.448,27.2,7,no,yes,0.504
f97437951d05a25a35f7b7ee9b162278,real,300,563,295,268,186.6,17.8,545,0.968,0.524,0.446,78.4,6,no,yes,0.504
13d98022d2526c2f5843136ee513680e,real,182,328,175,153,186.9,9.5,324,0.988,0.534,0.424,149.2,3,no,yes,0.503
af48c66ccc7892ccd3480bf4a0da68c1,real,896,1465,898,567,819.5,12.3,1447,0.988,0.613,0.379,493.1,9,no,yes,0.503
de4b19574b29507a6775dfe6f837ee17,real,632,1070,625,445,484.7,8.5,1040,0.972,0.584,0.407,311.9,7,no,yes,0.503
0cedb2e9c6b0aecf491d42d0b457b486,real,350,661,343,318,268.5,28.7,615,0.930,0.519,0.452,93.8,7,no,yes,0.502
7055e679cbf72c7114bc227b70b1b09d,real,470,832,467,365,304.9,16.2,816,0.981,0.561,0.425,156.7,6,no,yes,0.502
80cb9c642c10505b9268ba5b6bfbbf69,real,546,1028,570,458,260.1,20.6,995,0.968,0.554,0.439,163.8,6,no,yes,0.502
0edc22908baf00275272cfeec74c5a4c,real,417,771,422,349,104.3,9.5,764,0.991,0.547,0.445,55.2,4,no,yes,0.501
574b60fdf5321ee16e875c61ea81eb63,real,298,538,304,234,155.3,8.1,529,0.983,0.565,0.426,106.4,4,no,yes,0.501
38a2e3c34a8ef30dfe099f2a9c56c77c,real,362,641,351,290,209.6,10.2,632,0.986,0.548,0.424,140.2,4,no,yes,0.500
7044630d62b613c9a286dc1aac9e06ab,real,541,1049,559,490,121.7,15.5,1042,0.993,0.533,0.464,56.5,4,no,yes,0.499
ab36367cc628e794578182423ba23f48,real,276,451,269,182,478.4,12.0,446,0.989,0.596,0.377,400.6,5,no,yes,0.497
5c409dd46eca9c973d615ffa3a0849cb,real,335,584,322,262,511.7,16.8,568,0.973,0.551,0.418,150.7,7,no,yes,0.497
40953ec8c50b5ba785245d2d7f7c3fdc,real,144,392,299,93,1605.5,71.4,326,0.834,0.763,0.227,1200.9,9,no,yes,0.496
1b4354d5474f1ffc1e41b1a4ff0a1407,real,134,237,129,108,263.5,16.2,233,0.983,0.544,0.435,199.2,4,no,yes,0.492
37c2bc8d95c5139239dbc9d9babb6287,real,956,1684,1079,605,1369.8,46.9,848,0.505,0.641,0.354,411.5,12,no,yes,0.492
ac4feec583e4f01f9d15a49bed64944d,real,326,568,314,254,786.0,25.2,539,0.949,0.553,0.421,235.5,11,no,yes,0.490
c8b4669a1f247053e601daa1bc76ceac,real,580,1024,572,452,660.5,23.9,973,0.950,0.559,0.423,165.1,13,no,yes,0.490
6388da321abe6a138482160be4d3eb0d,real,522,1122,957,165,1006.5,26.0,1033,0.921,0.853,0.137,857.9,6,no,yes,0.490
5a687ad5278ffc763e9bfcfbc493cca8,real,335,561,330,231,537.8,12.1,550,0.980,0.588,0.392,402.6,6,no,yes,0.490
0f0ac5bd52c2f9abdd9d48cbb120d028,real,527,775,522,253,732.1,7.2,762,0.983,0.674,0.308,537.6,5,no,yes,0.489
6e03b8efecbd24f668b1e412f8680847,real,701,1324,707,617,131.6,14.9,1315,0.993,0.534,0.463,57.6,5,no,yes,0.487
b911411e6c2200a90e56660550a2f432,real,340,612,328,284,185.9,11.7,608,0.993,0.536,0.438,102.2,5,no,yes,0.487
29e5e452c69d5572f4dd20669c4dcfbd,real,463,879,467,412,219.1,18.9,854,0.972,0.531,0.451,147.0,5,no,yes,0.485
0a003ceecd3597bce22f37851db2edd3,real,910,1575,897,678,820.5,16.7,1535,0.975,0.570,0.418,293.2,14,no,yes,0.485
5ad8bbff520c9c732395a5a40942094b,real,348,618,346,272,385.4,15.0,596,0.964,0.560,0.427,117.3,8,no,yes,0.485
dcd0fc03429723d601a611963297607f,real,366,644,362,282,455.4,10.2,630,0.978,0.562,0.419,204.3,6,no,yes,0.484
8f372cc912daeee86dc63b15a79bd7dc,real,580,1062,591,471,150.0,9.4,1046,0.985,0.556,0.441,65.2,6,no,yes,0.481
faf36e2c03523d240bee7353b4ef35c7,real,354,613,350,263,664.1,19.5,594,0.969,0.571,0.416,482.4,8,no,yes,0.481
d8e6402d048eb7babe466a7568a41eed,real,290,541,300,241,120.7,7.8,537,0.993,0.555,0.442,87.8,4,no,yes,0.481
7d7a95fc6d9757108d8d66cfc8086cfd,real,474,846,471,375,558.3,24.2,784,0.927,0.557,0.431,265.4,8,no,yes,0.480
901e7d83c09e8ad68ae5365cc248cc2b,real,307,551,309,242,339.0,13.7,528,0.958,0.561,0.430,261.9,5,no,yes,0.480
339cd0e8514c159ed07bec05705e34dc,real,342,619,347,272,293.2,12.1,604,0.976,0.561,0.431,190.6,6,no,yes,0.478
d6bb07cb344dfa4559f1be7090d4d601,real,692,1125,687,438,704.0,10.7,1109,0.987,0.611,0.372,284.9,7,no,yes,0.478
83aa99a34e98b740bfc9dfb68766d077,real,486,857,482,375,340.1,14.9,826,0.964,0.562,0.433,228.2,5,no,yes,0.478
18e714865b70bb1aa7845d614b732135,real,957,1743,992,751,441.7,9.8,1705,0.978,0.569,0.422,260.1,8,no,yes,0.478
5ae35e5907da201dac30fbea71dfb0a3,real,250,427,238,189,602.7,13.8,415,0.972,0.557,0.407,434.4,7,no,yes,0.476
979ac67d37edf4ad27e3cb4717770b02,real,432,772,435,337,411.7,15.7,761,0.986,0.563,0.431,207.4,7,no,yes,0.475
63a9c2ebf69c6c5673d1e50a3752b916,real,567,1020,557,463,381.9,19.6,981,0.962,0.546,0.439,54.5,13,no,yes,0.473
64204f11d6618d89098f7cab73fd4aef,real,211,419,204,215,515.8,72.4,392,0.936,0.487,0.484,375.8,7,no,yes,0.471
3825fea36d60720b076411ad138315dc,real,682,1236,787,449,920.5,14.2,1201,0.972,0.637,0.354,630.3,8,no,yes,0.471
56e3eef6cf65e6a940f05d2926440fce,real,543,1010,552,458,341.2,19.1,975,0.965,0.547,0.443,115.9,9,no,yes,0.471
595cf29468402aeb010949b0d066b107,real,654,1052,654,398,838.1,17.6,1014,0.964,0.622,0.373,621.3,8,no,yes,0.469
7136536b8b0dfb34e85c8b57256eee5f,real,766,1505,830,675,330.8,17.1,1493,0.992,0.551,0.441,163.1,6,no,yes,0.469
8d4858a438317d6767db68e258882e66,real,317,576,318,258,213.5,9.3,561,0.974,0.552,0.438,103.3,6,no,yes,0.469
13bac080ade29d599f6ac6e3ea246d11,real,621,1142,625,517,243.1,14.9,1129,0.989,0.547,0.447,66.0,8,no,yes,0.468
e72b959a2c59fe238f88b2baa15a3d5b,real,177,311,174,137,218.5,7.9,307,0.987,0.559,0.434,188.7,3,no,yes,0.468
e1bd9f86f85ef266c198655c57e56261,real,276,494,270,224,278.4,8.4,484,0.980,0.547,0.431,205.9,5,no,yes,0.468
349cb11fe347d981965cf7dd5bf55c49,real,151,225,142,83,335.9,11.6,224,0.996,0.631,0.316,312.1,2,no,yes,0.468
1723af73f8a512e47b2994082cbc9ed6,real,266,471,254,217,367.2,7.3,457,0.970,0.539,0.427,193.7,6,no,yes,0.466
aecadc4e10df7435a078589950854a29,real,329,615,325,290,196.9,14.0,593,0.964,0.528,0.454,52.3,6,no,yes,0.464
7400b45e3594479ed817d022bb3cace0,real,712,1298,712,586,326.5,13.4,1248,0.962,0.549,0.439,170.6,5,no,yes,0.463
a0b6bf1121b42fa0d1ae101a735ca260,real,344,670,338,332,118.2,15.4,662,0.988,0.504,0.485,31.8,5,no,yes,0.460
acf9bdf43e44ba3311947b61c53f299f,real,501,944,501,443,221.6,15.7,926,0.981,0.531,0.456,126.7,5,no,yes,0.460
a823bc1f5cb74df9adbef9acfc1f0162,real,423,793,430,363,318.2,15.8,778,0.981,0.542,0.445,133.3,7,no,yes,0.459
fd9501416115c624dcc13f995b133a45,real,569,1057,574,483,632.4,24.4,998,0.944,0.543,0.440,456.5,8,no,yes,0.459
6ab0ab53192cd5e89158a6ead4100857,real,275,504,266,238,513.7,29.8,477,0.946,0.528,0.450,277.1,7,no,yes,0.457
24a6d99c419a94fb385ff50146a5432d,real,380,730,378,352,134.6,13.6,715,0.979,0.518,0.473,37.3,6,no,yes,0.456
df2863ba4cfb5b312a300cd8346507ea,real,460,644,508,136,1446.7,8.7,635,0.986,0.789,0.194,548.2,8,no,yes,0.455
6400affad12a10e610ba7d044bd52afc,real,327,404,319,85,1559.2,28.9,377,0.933,0.790,0.173,880.9,8,no,yes,0.453
0ccda41a3b8365fcb035212867204216,real,472,864,462,402,653.5,33.2,788,0.912,0.535,0.444,492.5,8,no,yes,0.453
5d2727bcd7fb11278be0f67e1614b9f1,real,372,689,371,318,755.2,28.6,639,0.927,0.538,0.443,395.1,10,no,yes,0.453
fa176bbcd14f574442d317217e653c0c,real,379,592,373,219,744.3,8.4,586,0.990,0.630,0.350,621.0,6,no,yes,0.452
448b32c7ce6116ae698f6749cf0b730e,real,261,464,254,210,686.6,50.8,425,0.916,0.547,0.420,523.1,7,no,yes,0.451
7730004da880ce386d7f252b83549a75,real,595,1016,593,423,633.6,9.9,997,0.981,0.584,0.406,445.0,7,no,yes,0.450
7ba0bd88cabd28fa8d8da7d6d03117bf,real,250,363,240,123,941.2,7.6,358,0.986,0.661,0.300,645.9,5,no,yes,0.449
17210d2e1ec478ec6facdde6bf6ac65d,real,191,393,195,198,141.2,19.1,385,0.980,0.496,0.494,58.5,5,no,yes,0.448
35d5ad76337ed9d413a319049d3da7f6,real,460,846,460,386,206.8,11.3,822,0.972,0.544,0.454,53.0,6,no,yes,0.447
4257df917815acc19b353a2ad793b469,real,796,1413,816,597,1534.0,24.9,1342,0.950,0.577,0.410,624.7,17,no,yes,0.446
300702bc828042724e27b2237dcc1a16,real,397,762,399,363,119.3,7.8,755,0.991,0.524,0.461,50.0,4,no,yes,0.444
ce8694fb9e681a0adeb4ebcb057d2a56,real,611,1024,618,406,1221.6,25.4,970,0.947,0.604,0.376,842.7,11,no,yes,0.443
428d746feee2259a207d82ad0dbce727,real,314,606,313,293,146.4,14.6,599,0.988,0.517,0.479,75.1,4,no,yes,0.443
aa6f738e5b8dc5fdfbfc757dc7198aa5,real,497,870,496,374,769.3,9.6,857,0.985,0.570,0.421,454.8,9,no,yes,0.442
9da0ca72ad717cdd798d2b30fb0e0a94,real,883,1416,913,503,1352.7,20.0,1380,0.975,0.645,0.345,647.2,10,no,yes,0.440
8565318c5913136b9958e86df286c652,real,405,662,406,256,525.9,17.0,651,0.983,0.613,0.358,458.2,4,no,yes,0.440
bb9234ee7100c0837a5d1a770d33f3c9,real,130,212,120,92,650.4,25.0,201,0.948,0.566,0.363,266.4,5,no,yes,0.439
9030472f97c699df898808d414923110,real,638,1238,641,597,287.8,24.3,1175,0.949,0.518,0.473,86.0,7,no,yes,0.438
fb73da72678ef497adee3c72049398c5,real,860,1662,867,795,450.3,35.5,1541,0.927,0.522,0.471,342.3,6,no,yes,0.437
1db81b0ddfb197a1a9b71d4ea0c1a81b,real,318,650,318,332,290.2,38.4,582,0.895,0.489,0.498,83.9,8,no,yes,0.435
1170228d7597d91b71e11046576bbd8a,real,186,290,175,115,433.1,16.8,282,0.972,0.603,0.352,390.8,3,no,yes,0.435
9e802c8cd6cfdb1a108c53dfade686c4,real,223,376,223,153,520.2,19.8,371,0.987,0.593,0.402,267.2,5,no,yes,0.431
195cc1859f8686a2e254aea546a43e46,real,554,1023,551,472,695.1,17.9,1002,0.979,0.539,0.448,175.8,12,no,yes,0.430
0a1b207b340656b6c40d2342512a7579,real,245,456,236,220,450.1,27.0,431,0.945,0.518,0.465,272.6,7,no,yes,0.430
d012f1de9414f08aaf00cc481bdbfb77,real,378,778,373,405,275.6,34.4,730,0.938,0.479,0.497,59.0,9,no,yes,0.430
2280e7b590a8bb09779c3ab1c85bad0d,real,199,396,276,120,1177.2,30.1,340,0.859,0.697,0.268,1105.0,5,no,yes,0.428
5f72082317468a6f9e6c6be5b1f51278,real,725,1378,727,651,264.4,13.8,1346,0.977,0.528,0.462,86.1,9,no,yes,0.427
fc1184f9ba313fe01c0a31d915857623,real,483,878,479,399,792.3,12.5,855,0.974,0.546,0.444,480.7,12,no,yes,0.427
142d9b9d52567549924042d0ac2c624d,real,463,781,462,319,639.8,13.0,772,0.988,0.592,0.391,454.6,6,no,yes,0.427
f6037e46dc412d2c4bbe55510328521b,real,185,345,170,175,501.4,18.2,332,0.962,0.493,0.455,173.5,9,no,yes,0.426
07c878fea9c492377189fad78dffcde9,real,351,622,351,271,345.5,7.1,610,0.981,0.564,0.431,283.3,4,no,yes,0.426
1e14f04cd41e2d6823f0c29931eb487a,real,756,1461,768,693,150.0,7.8,1444,0.988,0.526,0.463,39.4,6,no,yes,0.425
0b34459463294ce915e9de2af92634e9,real,382,724,372,352,233.3,14.2,714,0.986,0.514,0.470,161.9,4,no,yes,0.422
bf8d485e941f14983ad1655c45a50cab,real,703,969,709,260,2871.9,16.1,938,0.968,0.732,0.258,713.8,13,no,yes,0.419
878eb590de5a815111a8ae31e2eda5ee,real,340,573,331,242,325.0,7.9,571,0.997,0.578,0.394,300.5,3,no,yes,0.418
aa61566aa8f2be08b346ce201fcd4b8a,real,732,1363,740,623,401.3,7.8,1347,0.988,0.543,0.452,253.3,6,no,yes,0.416
b7fc4bde6b2a30df9aac0eda2e39da31,real,328,624,327,297,176.2,10.1,615,0.986,0.524,0.471,126.0,4,no,yes,0.415
4667ac7e9d127afe84463e797483d777,real,943,1751,948,803,774.2,15.2,1714,0.979,0.541,0.452,133.4,11,no,yes,0.415
d6f969936d8b4e48777476adfc55029a,real,377,740,376,364,209.4,16.5,725,0.980,0.508,0.482,135.9,5,no,yes,0.414
046a7d09d2fde16e31334040a1dae748,real,360,681,354,327,400.0,18.4,652,0.957,0.520,0.467,158.0,8,no,yes,0.412
e37cbfe741f2b09312e07120afe84cf3,real,308,602,326,276,772.3,8.9,589,0.978,0.542,0.450,460.5,10,no,yes,0.411
590aa3365f63980fac2f9cbc4070010c,real,541,976,540,436,699.3,9.6,953,0.976,0.553,0.432,421.1,8,no,yes,0.411
0f410dbb31ade2065baee6b9dfe2a106,real,468,671,493,178,1207.5,14.0,649,0.967,0.735,0.252,1135.0,5,no,yes,0.411
71ba7de8b74ca3c3d4c7125bbc3749d5,real,446,654,443,211,2122.5,65.4,469,0.717,0.677,0.312,1560.1,9,no,yes,0.410
e63b828ff49b721a1644f844fdefeec9,real,718,1131,722,409,1471.9,9.0,1113,0.984,0.638,0.346,602.1,10,no,yes,0.409
cabfa99f96c36041d707ee8aef63436e,real,697,928,702,226,1439.7,10.1,912,0.983,0.756,0.231,1300.9,6,no,yes,0.407
a43caa4fdeb09de10e7e05528faf51bc,real,594,960,591,369,1006.0,18.0,938,0.977,0.616,0.374,744.6,8,no,yes,0.406
96be23500d2e464bd4fd6b9722d6459f,real,227,418,229,189,363.9,18.0,407,0.974,0.548,0.445,204.0,4,no,yes,0.405
61bb0a47c9205268ac13971572e88668,real,304,586,293,293,372.0,15.7,569,0.971,0.500,0.469,230.6,5,no,yes,0.404
6b244ef139f344c3d0f8f723238c93b4,real,326,498,318,180,1248.3,9.2,487,0.978,0.639,0.343,492.6,8,no,yes,0.401
5f184824712a04444faf3962b544dc0e,real,395,664,399,265,513.4,7.3,654,0.985,0.601,0.372,459.7,4,no,yes,0.401
8add9419358d1c69545587a0081de39c,real,356,593,346,247,482.1,10.6,581,0.980,0.583,0.386,420.1,4,no,yes,0.398
cc3401b4025338d251ad28786edd6286,real,187,360,183,177,154.2,9.1,352,0.978,0.508,0.481,112.5,3,no,yes,0.398
1af8104d205e775b8f10483b08220d27,real,950,1415,989,426,1285.4,6.0,1410,0.996,0.699,0.290,1139.5,5,no,yes,0.395
02db3ba69302a5eee3d52bdada3c219c,real,353,706,351,355,210.1,15.7,696,0.986,0.497,0.490,158.8,4,no,yes,0.394
1bc5567f35917e3bccbb7b3913320010,real,306,596,307,289,185.0,11.1,593,0.995,0.515,0.483,160.8,3,no,yes,0.394
16d24454005c2a99a4f46794c918b2f9,real,384,734,375,359,631.5,21.1,705,0.960,0.511,0.470,456.5,8,no,yes,0.393
311d5e34ed9584a3d677ae59c3dd5bb0,real,236,465,233,232,159.7,11.0,453,0.974,0.501,0.488,92.2,4,no,yes,0.393
2da9823b2343fcdc815644392fde4f43,real,495,951,491,460,840.1,23.7,909,0.958,0.516,0.468,256.9,16,no,yes,0.392
a513123f706fafd8ff99828210c4528c,real,431,739,430,309,686.8,15.2,716,0.969,0.582,0.398,500.6,6,no,yes,0.391
3b7e48be19979f9df3a146e2d0277c58,real,237,461,233,228,239.4,10.8,451,0.978,0.505,0.477,140.3,5,no,yes,0.391
9e0e10d68fd507af9fba81a5bca2bcdf,real,551,880,565,315,1363.0,26.8,831,0.944,0.642,0.345,1111.6,8,no,yes,0.390
b9b1fd4db1aab428fca1f90b1ab5bf96,real,365,727,557,170,1987.0,26.2,666,0.917,0.766,0.223,1596.4,7,no,yes,0.390
a742e8eb281e04536ed59d3b927e0ef6,real,810,1469,825,644,661.3,9.0,1443,0.982,0.562,0.428,468.2,7,no,yes,0.388
74f864e508eda3ec7605b7a68ccf075a,real,388,759,390,369,476.3,21.1,734,0.967,0.514,0.480,379.1,6,no,yes,0.385
f506a39cef4dbaaa400f8412d475c622,real,326,648,331,317,547.9,19.4,623,0.961,0.511,0.475,220.2,8,no,yes,0.385
b3d25db45c61375f31c19b4652fb4683,real,364,718,361,357,258.1,17.2,712,0.992,0.503,0.476,214.5,3,no,yes,0.382
31514315ba54a6a548a2b1e965aba750,real,175,354,171,183,247.5,18.9,344,0.972,0.483,0.497,84.8,6,no,yes,0.382
79ee2dea35878c9bea0f979839860d6d,real,760,1359,770,589,775.3,4.4,1341,0.987,0.567,0.423,295.8,8,no,yes,0.381
fc10f4e79fc8d89bd35852a85d3cc791,real,463,780,469,311,624.7,16.6,767,0.983,0.601,0.392,533.7,5,no,yes,0.380
dc99d8c08710ef0076330dd8d29a7f42,real,450,844,441,403,1138.1,78.4,773,0.916,0.523,0.460,706.7,12,no,yes,0.379
7256fe749375348153770635eb75b9ad,real,323,654,316,338,536.4,42.0,606,0.927,0.483,0.500,274.5,7,no,yes,0.378
9d2031fc1b02b5152acb150ffcfe8732,real,337,452,330,122,1185.5,6.1,448,0.991,0.730,0.241,1113.6,4,no,yes,0.377
06eddc40610cdd91918655dde5939402,real,426,808,421,387,676.9,10.3,796,0.985,0.521,0.458,314.0,8,no,yes,0.375
e27d19ac670e300147c377963a30cf15,real,494,1012,508,504,425.2,21.2,968,0.957,0.502,0.489,166.0,12,no,yes,0.372
116a8cceed73c3e8d84b8b54c794c8ac,real,622,1185,618,567,730.2,12.6,1154,0.974,0.522,0.470,411.9,9,no,yes,0.371
5405e23304ed9c0579b315ce87fad1c4,real,235,451,226,225,459.1,6.8,446,0.989,0.501,0.472,171.3,6,no,yes,0.370
52b61c2eb08d023b2888287446dc6aed,real,330,627,320,307,909.5,23.4,597,0.952,0.510,0.470,359.2,11,no,yes,0.370
9d4516fbe1754b0c5b561c8be1e90727,real,763,1444,762,682,515.9,12.9,1419,0.983,0.528,0.462,417.2,6,no,yes,0.370
8a22189d187b009bc51a85107be74c4a,fake,614,655,318,337,2530.0,46.6,556,0.849,0.485,0.006,1391.9,7,no,yes,0.368
6e0a0e65e1d94cdd1444f76340c2d2e4,real,236,450,234,216,424.2,16.7,441,0.980,0.520,0.473,349.8,5,no,yes,0.367
e75d71737a15d871e1b6b73b21c9ab31,real,354,552,349,203,1537.6,14.2,544,0.986,0.632,0.351,520.9,9,no,yes,0.367
34e5a42b850588a948f607ba52b77c7f,real,479,947,482,465,189.6,7.2,931,0.983,0.509,0.486,86.8,6,no,yes,0.367
b1985bb1216112f42a6193ae5c02f3bb,real,314,612,300,312,382.6,10.0,599,0.979,0.490,0.480,182.9,7,no,yes,0.365
d3c691b0f65f8ea3809729ca4042cf10,real,345,611,331,280,720.3,18.3,599,0.980,0.542,0.430,530.6,7,no,yes,0.364
cdf6a8f8db50eec31a5fda76bfe9b18c,real,294,590,285,305,719.6,36.5,555,0.941,0.483,0.493,163.7,16,no,yes,0.364
7e5537fa333635110ca31d053b2a2aef,real,567,1152,574,578,101.8,6.1,1147,0.996,0.498,0.498,31.6,3,no,yes,0.363
d98918c1406b12f516502be9189846ca,real,300,444,293,151,1907.4,13.6,435,0.980,0.660,0.304,716.1,6,no,yes,0.362
f948bc7c554940027ce94d6e24cc11fd,real,210,424,204,220,622.3,22.3,411,0.969,0.481,0.488,408.5,8,no,yes,0.359
ba8f5f9784c1768d37882016fb683234,real,831,1697,876,821,483.2,9.5,1676,0.988,0.516,0.480,315.1,7,no,yes,0.359
28fa7cc3b7a9ac98968a0cabeb257157,real,399,604,393,211,1202.4,5.8,599,0.992,0.651,0.323,864.9,5,no,yes,0.359
0cec31f89771d3a21589b7822945dbe2,real,990,1495,1082,413,1705.4,4.7,1474,0.986,0.724,0.267,921.0,5,no,yes,0.358
1295efbc4ef5bd60cb5d985d6504fc49,real,648,1296,649,647,121.0,5.2,1285,0.992,0.501,0.492,48.1,5,no,yes,0.358
22f65cbb71dcf566c78ba92b5dc4b609,real,752,1470,759,711,398.6,6.2,1450,0.986,0.516,0.479,262.6,7,no,yes,0.358
d45a50e611f247da9ca9417fb303632d,real,506,835,512,323,452.2,13.8,827,0.990,0.613,0.381,414.2,3,no,yes,0.358
c766e2aff031f38c47b4598929a0b336,real,492,904,490,414,1314.1,20.4,869,0.961,0.542,0.446,385.8,14,no,yes,0.357
8107e10bcd24685de6a7de93d58d8516,real,339,659,521,138,2471.4,48.6,583,0.885,0.791,0.182,2350.2,6,no,yes,0.357
71cb0ec924bde5485f04fe903ffcd5d9,real,323,556,328,228,693.5,22.4,536,0.964,0.590,0.394,601.1,5,no,yes,0.354
37891053b405a737e0758a77f69d1361,real,326,651,317,334,528.1,15.7,638,0.980,0.487,0.488,313.7,7,no,yes,0.353
6ac22dbe9f50b0d4994a8ad0193e4c22,real,278,439,280,159,682.7,7.9,434,0.989,0.638,0.360,603.5,4,no,yes,0.353
6d59c645136c39d4023d22c55d1808e3,real,463,942,462,480,300.0,13.5,924,0.981,0.490,0.497,74.8,7,no,yes,0.351
979f0fcc3aa1d5ebe4210d5f4243f9c1,real,856,1300,887,413,1582.9,6.3,1280,0.985,0.682,0.308,1490.1,5,no,yes,0.351
30224b1936d7a9d6830cbb7f3356066e,real,188,367,173,194,374.4,9.4,356,0.970,0.471,0.488,182.8,5,no,yes,0.350
ee7bb0dd626091d1ea37526e1fca8cef,real,531,1094,530,564,242.6,9.8,1068,0.976,0.484,0.497,94.4,6,no,yes,0.346
5a595a8aa350a0707b6f2ba9f43bd9f0,real,444,887,431,456,531.5,17.0,864,0.974,0.486,0.494,270.9,8,no,yes,0.344
8a5801fe6d97e5a8b777377a157a9f9b,real,863,1340,1024,316,2860.9,15.3,1304,0.973,0.764,0.222,2171.4,7,no,yes,0.343
3f00d866aee980ff43e332f6397911cb,real,600,1184,602,582,318.8,5.2,1175,0.992,0.508,0.486,177.1,4,no,yes,0.343
791ff3575203462acae21c14d9a2927c,real,266,370,256,114,1250.5,6.3,367,0.992,0.692,0.262,1195.1,3,no,yes,0.341
129093dbcd37d95444bec10fb0620621,real,740,1230,746,484,1143.8,6.3,1215,0.988,0.607,0.384,675.9,8,no,yes,0.340
2d3739e078bef57150552a1ea5a5ba2a,real,644,1043,647,396,1128.9,9.6,1029,0.987,0.620,0.372,787.1,7,no,yes,0.338
2e5a1126b7c5e1682ac0fbdfeab218ea,real,789,1540,794,746,1509.9,11.7,1499,0.974,0.516,0.475,741.9,18,no,yes,0.338
05082f48ef67229c016badff49467eca,real,403,687,392,295,884.7,15.5,674,0.981,0.571,0.408,650.1,7,no,yes,0.337
92aca94bad348a4c23590b7b6148b19a,fake,951,1021,833,188,2351.9,25.0,943,0.924,0.816,0.006,1487.8,5,no,yes,0.337
6262a87c829b2c799e284b0b93e8e3a8,real,277,539,274,265,338.8,12.5,535,0.993,0.508,0.488,152.9,4,no,yes,0.336
0bf7e4ab23c21b496f6742fa333af264,real,891,1783,907,876,418.6,5.6,1767,0.991,0.509,0.489,296.7,6,no,yes,0.335
055d62071528ef6594ad83e0b3b89225,real,166,284,156,128,1033.0,67.2,261,0.919,0.549,0.412,593.0,7,no,yes,0.335
88b0fe3501e696db2db3fcd5bd6be1a5,real,466,934,467,467,282.1,7.2,920,0.985,0.500,0.496,75.2,8,no,yes,0.334
55b104b134a1905316223e62d73e6ee1,real,669,913,667,246,3422.8,15.8,902,0.988,0.731,0.260,2073.1,7,no,yes,0.328
f901e837f54aca9145af14156c99998a,real,402,641,403,238,1176.2,17.8,610,0.952,0.629,0.360,1078.1,6,no,yes,0.328
8bdbbe99f28ceb3b9a296e87ec817728,real,334,567,323,244,793.8,22.8,540,0.952,0.570,0.413,626.9,6,no,yes,0.325
bfc4dd7e751d43c5786be896c5508413,real,174,273,170,103,984.8,23.1,264,0.967,0.623,0.366,905.1,5,no,yes,0.324
89c3927b85cc27fea583677d00ee6454,real,514,1039,517,522,577.1,13.7,1023,0.985,0.498,0.494,283.6,7,no,yes,0.323
8c45ffe991d05b0a2f6500c82f888174,real,513,809,519,290,1084.7,12.1,794,0.981,0.642,0.352,667.3,5,no,yes,0.323
73e3f74b5fbe622fe5e17af18e6b28e5,real,322,477,314,163,3293.2,7.7,462,0.969,0.658,0.304,2998.4,7,no,yes,0.321
3a2fcb6a470bdbbcdc3160541671b89d,real,342,590,342,248,837.1,13.9,577,0.978,0.580,0.407,699.5,6,no,yes,0.311
5a292686bb966c928bfa2665cf1ed790,real,174,295,162,133,1009.6,21.4,285,0.966,0.549,0.407,604.6,7,no,yes,0.307
dfdcfa7d64e7e652f2a78a07fee291c4,real,597,1226,605,621,1111.6,20.2,1177,0.960,0.493,0.491,408.4,13,no,yes,0.307
6281677c99ba84fb0beccdeb7210da77,real,654,1019,657,362,1849.5,12.1,1008,0.989,0.645,0.343,837.0,7,no,yes,0.306
5fbb71c8713874977fa7c46f2435bd33,real,599,1155,596,559,1142.6,20.9,1107,0.958,0.516,0.472,371.8,12,no,yes,0.303
16ed398b67b2da4d9c727b37d6673834,real,513,912,506,406,469.2,7.5,903,0.990,0.555,0.436,412.1,4,no,yes,0.300
ed1e051bd90472ffafa6bc29a021c4e4,real,462,874,452,422,593.4,10.7,864,0.989,0.517,0.467,260.7,6,no,yes,0.298
40e80f8b8abc44ff8e0286daca5233b7,real,700,1362,706,656,691.6,20.3,1322,0.971,0.518,0.474,398.4,7,no,yes,0.297
be299805f09da0b77d520e79eda61661,real,278,479,281,198,627.2,16.5,468,0.977,0.587,0.407,464.4,4,no,yes,0.292
6d37e93e0a53b741705868e9f3a89f76,real,313,560,307,253,1132.7,15.6,546,0.975,0.548,0.430,475.1,9,no,yes,0.289
04409a13ffd826c3823edf191e573c4a,real,482,841,473,368,1408.4,18.6,806,0.958,0.562,0.415,721.9,10,no,yes,0.289
97bdff4a4098a06dc2b2597b514b2df3,real,434,876,444,432,471.8,15.1,846,0.966,0.507,0.487,399.1,5,no,yes,0.289
5fd23f0a22c5c0f0f5856a293fcc9b45,real,467,796,454,342,1064.2,14.8,790,0.992,0.570,0.407,632.7,7,no,yes,0.287
7c6c1e49ed376cf98f8320c0f3be45fc,real,409,747,400,347,896.2,38.5,676,0.905,0.535,0.444,753.5,7,no,yes,0.285
f035f9d093a72f679ede71017b765b93,real,790,1443,867,576,1893.7,14.1,1412,0.979,0.601,0.392,828.8,11,no,yes,0.283
17ac433adda3ad4cf60d59a67d1856fa,real,538,1075,533,542,1089.3,14.2,1040,0.967,0.496,0.488,275.8,12,no,yes,0.283
d574f8fd3edd6e1b1ee1d9e6e5bbb66e,real,658,1240,664,576,1391.5,11.8,1201,0.969,0.535,0.456,391.1,13,no,yes,0.282
1e614cc6dd539244c2c23758ae0989db,real,384,677,381,296,716.2,22.2,656,0.969,0.563,0.425,599.3,5,no,yes,0.281
4293f3cdccd8874ad15467b39f81f2df,real,607,1009,606,403,921.3,6.7,997,0.989,0.601,0.388,653.3,5,no,yes,0.278
03ffdd9858c7af76f2e43c6d3d68c903,real,379,679,374,305,983.4,12.1,664,0.978,0.551,0.439,637.3,8,no,yes,0.277
99f46fe05d97347930743894cb7d0601,real,636,960,632,328,1886.4,4.7,953,0.993,0.658,0.326,1549.7,4,no,yes,0.277
661ebb96e3a085ef380e05c5f3de8384,real,651,1238,643,595,1728.0,18.0,1200,0.969,0.519,0.471,608.4,17,no,yes,0.273
1bcda76ee531aec8fb0034b7b6e454bf,real,525,861,521,340,1355.9,11.9,838,0.973,0.605,0.387,973.9,7,no,yes,0.271
1551f8ab5cd18860f9fd2aad89753ed3,real,335,559,330,229,1298.6,15.5,537,0.961,0.590,0.394,1079.6,7,no,yes,0.269
06a6a36757f4db430e5c385f2f5a0b9c,real,613,1150,611,539,1023.9,14.2,1123,0.977,0.531,0.461,380.3,9,no,yes,0.259
f988578c33e4d0096d8a74c03261094a,real,366,669,360,309,759.5,15.3,654,0.978,0.538,0.448,552.2,6,no,yes,0.258
0e0f3cd9e66e49051556b64fc3cbb579,real,142,254,146,108,1887.5,66.2,235,0.925,0.575,0.386,1113.3,7,no,yes,0.247
b553304a713a341fba74e06ba6d39c75,real,333,540,337,203,1587.0,6.2,526,0.974,0.624,0.361,1476.8,5,no,yes,0.245
4015480a97960f5a8af10e69300f1a96,real,422,730,413,317,2205.1,16.3,712,0.975,0.566,0.412,1278.8,13,no,yes,0.245
80a7636d0f00b92d5ba852443f8c828c,real,261,465,265,200,932.6,8.6,458,0.985,0.570,0.424,415.2,6,no,yes,0.244
f46037658d9240a9b03c9e95f7a7d3cc,real,186,698,417,281,1195.5,3.4,688,0.986,0.597,0.395,1070.9,6,no,yes,0.243
45deea0ecf49aa52155dbec4b60ea7ea,real,265,485,265,220,711.8,15.8,467,0.963,0.546,0.441,625.0,5,no,yes,0.243
8e9e90b691034fd1602721ec359fcfec,real,245,436,240,196,1347.8,21.4,416,0.954,0.550,0.433,675.7,9,no,yes,0.239
f13fbbe32226ed90caae62a8c04a7d18,real,181,348,181,167,1010.7,29.9,328,0.943,0.520,0.463,572.7,8,no,yes,0.239
c2bb900e59edee1323f2fd07c80879ac,real,526,1037,520,517,1388.8,23.9,986,0.951,0.501,0.483,597.8,13,no,yes,0.238
89d7b54a4cf5314013574a876b31a557,real,334,610,331,279,705.5,7.5,602,0.987,0.543,0.439,598.9,5,no,yes,0.237
e0ae3217d270452ae72970ff75a70328,real,486,813,485,328,1085.5,8.2,807,0.993,0.597,0.396,785.0,5,no,yes,0.231
6b897373d7b5762f4b1d78345c02794a,real,629,1191,624,567,718.9,13.9,1163,0.976,0.524,0.470,609.2,6,no,yes,0.229
bddbd268ce1ebcf5002d483658da1f3b,real,738,1316,748,568,1026.2,14.8,1296,0.985,0.568,0.424,915.6,6,no,yes,0.227
fa8371b632bb720f1424f3f2c6445672,real,447,823,458,365,926.1,11.1,814,0.989,0.557,0.435,436.3,6,no,yes,0.225
41c1a1b8de00537045144a572d7f4244,real,328,586,320,266,1297.8,15.9,561,0.957,0.546,0.432,1048.9,8,no,yes,0.221
0908e64ede004651c7d79dec32af5f08,real,273,450,260,190,853.1,6.4,448,0.996,0.578,0.382,818.7,3,no,yes,0.220
baee2b6481f6b9728b168cf4a2717c96,real,308,602,306,296,1019.1,17.1,577,0.958,0.508,0.467,848.6,8,no,yes,0.216
fdc3b2a835b62db6292f98ffdf62b2de,real,571,974,580,394,1962.9,35.4,907,0.931,0.595,0.391,1729.5,7,no,yes,0.214
ff41f87b6911a51f707ee1a9030e90cc,real,134,224,128,96,1949.7,23.0,213,0.951,0.571,0.402,1084.0,8,no,yes,0.206
307171d265e7b8501814035a04d14db3,real,500,907,495,412,883.6,20.4,879,0.969,0.546,0.436,623.1,5,no,yes,0.206
11ee51f2b4556da2f14a1051af46a6f3,real,551,911,549,362,2107.1,18.6,886,0.973,0.603,0.381,1990.1,6,no,yes,0.200
3aa38f25c4b594f30fac76e122569040,real,306,560,305,255,1295.2,24.5,532,0.950,0.545,0.432,1087.9,7,no,yes,0.199
7172aef2b10b00371ed3b6bd958c9633,real,449,766,441,325,1798.5,16.2,749,0.978,0.576,0.401,1512.0,7,no,yes,0.198
352f93b0ba4484a6ae486654ba8be75c,real,185,354,175,179,1011.2,18.3,343,0.969,0.494,0.480,433.4,8,no,yes,0.192
8e6ccb79f5f006da1bf4e156fb1ac76b,real,455,890,453,437,661.5,23.9,856,0.962,0.509,0.483,565.5,5,no,yes,0.192
d70228f633e1111b3e44d484978f4706,real,382,658,381,277,1322.7,7.8,649,0.986,0.579,0.401,646.3,5,no,yes,0.190
879f6561ac022db3715cc77008f9c6a9,real,300,567,301,266,1019.0,9.3,551,0.972,0.531,0.459,848.6,7,no,yes,0.189
3c7587ed087339cdfe770866ec9a209d,real,442,809,443,366,899.4,6.7,801,0.990,0.548,0.435,759.1,5,no,yes,0.187
b29917282d5e1adda3278637279122c8,real,310,589,312,277,750.1,17.5,575,0.976,0.530,0.463,518.7,5,no,yes,0.186
bb88e2107936de40c896a7e22c29749a,real,825,1559,826,733,1129.2,9.7,1528,0.980,0.530,0.464,706.6,8,no,yes,0.186
42ac6f609f2b08de44d9f9dd6507fb55,real,481,916,494,422,2883.9,28.4,863,0.942,0.539,0.450,797.5,18,no,yes,0.185
ef1532cf5290daee1ba25c102e963ab9,real,102,181,93,88,666.2,15.7,178,0.983,0.514,0.425,622.2,3,no,yes,0.185
bd962f605ba5b282359788f991db7939,real,427,764,416,348,922.7,9.1,757,0.991,0.545,0.436,533.4,5,no,yes,0.183
3b47421f097bdfb5e43bb08a9b02b1d8,real,299,525,298,227,1906.7,14.4,509,0.970,0.568,0.423,1696.2,9,no,yes,0.182
6ba27bf4a0c0b9e546bb9b6d79a37b3a,real,133,239,123,116,1071.9,17.9,231,0.967,0.515,0.427,891.5,5,no,yes,0.181
1b58bda756e2dcedd8e733a7acdd9b01,real,629,1172,632,540,1201.6,24.8,1078,0.920,0.539,0.450,564.4,7,no,yes,0.181
72a229e101e91559ad156531dd5044c2,real,285,634,349,285,1600.2,30.1,575,0.907,0.550,0.435,957.8,8,no,yes,0.178
aeb1c31f642ff350682af24920696587,real,241,410,240,170,1203.2,14.8,400,0.976,0.585,0.405,1113.5,4,no,yes,0.172
f172bd206578bfa2253b84798ef9045e,real,205,389,206,183,824.0,14.9,371,0.954,0.530,0.458,670.5,5,no,yes,0.171
2eda34a6cceaff33229c7c09eb18d1d4,real,377,688,376,312,1569.2,65.6,640,0.932,0.547,0.442,1020.1,7,no,yes,0.169
948d65142b8b0db21dd9fae5fa3add48,real,982,1895,1008,887,3692.2,25.4,1607,0.852,0.532,0.462,2436.2,24,no,yes,0.167
4623bbd8d4e9f382daadfe35e3a99445,real,480,828,491,337,1921.9,6.5,819,0.989,0.593,0.401,1769.4,6,no,yes,0.164
adf4df4140b83cd512ab52d7ddb595da,real,602,1167,609,558,1202.4,18.1,1119,0.959,0.522,0.470,1042.5,8,no,yes,0.164
0721949ca936c1e7e455a677c6e04656,real,276,498,268,230,2960.1,26.6,470,0.944,0.538,0.434,1984.3,14,no,yes,0.162
cb80776fe538f085adb4c0642d48f8df,real,717,1194,720,474,3625.9,8.7,1177,0.986,0.603,0.382,1617.2,7,no,yes,0.158
487168ddae757d2d6e0bb072eefc0332,real,503,947,505,442,1197.5,14.3,930,0.983,0.533,0.457,711.2,7,no,yes,0.158
8d38e227cb47c07ff55a3a7ee412a2cb,real,872,1577,864,713,2216.3,21.2,1508,0.956,0.548,0.442,797.2,11,no,yes,0.154
223736699687a4752663141a1363377d,real,359,586,349,237,5032.9,14.8,574,0.980,0.596,0.377,4581.0,7,no,yes,0.149
97935666ef12f21ab8f5f8e3cb83d9e6,real,308,582,305,277,1039.0,22.6,556,0.955,0.524,0.466,580.4,6,no,yes,0.148
68e219aafc30ee68d7b7a8c834aa503d,real,426,893,433,460,2257.5,46.8,832,0.932,0.485,0.497,672.1,17,no,yes,0.147
b4160bcacea758182e5fb6ddfbe754ea,real,528,946,521,425,3023.1,9.4,924,0.977,0.551,0.431,1363.9,13,no,yes,0.145
9dcf203fa59778ce3536cfc113890b72,real,225,431,218,213,1866.8,20.2,412,0.956,0.506,0.464,578.7,11,no,yes,0.145
6e0ba2773394489a903fd789ac7eab51,real,596,1172,608,564,3025.6,38.5,1076,0.918,0.519,0.474,1768.9,19,no,yes,0.140
83b57e3474b106f2f1eb75650816b2a1,real,620,1232,608,624,1343.9,9.2,1207,0.980,0.494,0.494,883.9,10,no,yes,0.138
5b926b914d5601a644edd6fdb90a653f,real,438,801,437,364,2465.1,19.9,769,0.960,0.546,0.441,1438.3,11,no,yes,0.137
0152be0b7fa69179124fd09e7cf4e5f8,real,443,844,434,410,1017.3,14.6,814,0.964,0.514,0.470,900.9,6,no,yes,0.136
e9c968a698e9a03fb9c24cca8c1a219b,real,360,721,355,366,1288.7,19.9,692,0.960,0.492,0.491,957.5,9,no,yes,0.135
727bad7b14946133df15ae505a66f28e,real,344,604,331,273,2079.6,9.2,592,0.980,0.548,0.421,1205.7,7,no,yes,0.135
ca5f4c11a760539ec0a38e2a82579f1e,real,507,1014,508,506,1297.3,14.6,992,0.978,0.501,0.489,1079.5,9,no,yes,0.133
84f6fa7fcd5ba2bffe922eaebbf0cd4b,real,268,474,265,209,859.1,16.7,467,0.985,0.559,0.432,814.7,3,no,yes,0.130
b49f61b8584ff1e8f2a9d2de0d117be1,real,505,888,515,373,4324.9,19.1,849,0.956,0.580,0.412,3271.7,12,no,yes,0.130
b6b993a9172dc1239a539612c765e0bd,real,587,1058,593,465,2811.4,10.8,1032,0.975,0.560,0.428,1928.9,10,no,yes,0.126
651aae798e60f83f46a66a638b758864,real,239,465,236,229,1010.3,17.5,452,0.972,0.508,0.462,898.4,5,no,yes,0.121
98255a694479cb74e8d4b4a659c056ac,real,329,632,319,313,1030.9,14.0,618,0.978,0.505,0.476,773.1,6,no,yes,0.121
ef3f949776689a6976013da22400bc00,real,605,1168,600,568,1973.8,27.6,1080,0.925,0.514,0.473,526.9,11,no,yes,0.118
3a32fd2075cb15325f16651e7287f451,real,282,525,281,244,1299.3,9.8,518,0.987,0.535,0.453,1079.6,6,no,yes,0.117
630cf95b3bc733ed701bb88419c60ce4,real,832,1623,841,782,3542.4,15.4,1551,0.956,0.518,0.472,2540.8,20,no,yes,0.114
a390e082a03c249ee4499333516c6354,real,291,614,313,301,1289.7,40.0,555,0.904,0.510,0.482,1079.5,7,no,yes,0.112
05dfa0d595fa5ed555b95622a96f7eb3,real,301,556,302,254,2362.6,15.8,544,0.978,0.543,0.442,963.8,9,no,yes,0.109
b48e456de0abfee3dc7767eb4a18a182,real,536,1066,535,531,1118.0,13.4,1042,0.977,0.502,0.492,712.0,7,no,yes,0.104
7197115f77ed8968277e53fe913614bb,real,580,1121,583,538,1159.9,13.6,1102,0.983,0.520,0.473,1026.9,6,no,yes,0.102
c2452bc633f2a6809c13dff9d6982aae,real,434,826,434,392,2556.4,17.9,806,0.976,0.525,0.455,1205.1,11,no,yes,0.101
09e161bda72280e1dbce754960f31767,real,271,517,270,247,1193.0,16.8,503,0.973,0.522,0.472,1027.4,6,no,yes,0.101
3e72f8c22036579f3b296bc79867c4cf,real,603,1140,599,541,3311.8,16.4,1093,0.959,0.525,0.459,1709.8,15,no,yes,0.100
75e7a5830798d0d355dfa24dcb4dff7e,real,479,863,471,392,2497.8,17.4,832,0.965,0.546,0.431,2351.1,7,no,yes,0.096
1e3b91a3a20318e9e2d6304d2ffbc996,real,142,247,140,107,1289.8,15.6,245,0.992,0.567,0.425,1079.5,3,no,yes,0.096
949bbed65748b7a7303f584d5dbfd925,real,382,758,385,373,1253.0,33.6,710,0.937,0.508,0.479,1135.3,6,no,yes,0.091
fd7b879b7a3c97c3049544e5e0ab44d5,real,585,1131,589,542,1659.6,7.3,1118,0.989,0.521,0.469,1443.5,8,no,yes,0.091
04b1e8bdd69d68f14fe83756898ee22f,real,213,404,209,195,1297.0,13.3,396,0.980,0.517,0.470,1079.5,6,no,yes,0.086
6172fa6185af7408f9022921f0e5c471,real,755,1401,748,653,4612.7,21.5,1333,0.951,0.534,0.455,2264.1,18,no,yes,0.086
e759952992c6a5ee0492d53c8b1b8a9d,real,571,1105,557,548,2498.9,12.2,1073,0.971,0.504,0.481,898.6,13,no,yes,0.079
9528fdbb263684ff09264ac78feb27b0,real,455,844,456,388,2076.5,15.6,826,0.979,0.540,0.450,1777.7,7,no,yes,0.078
7a7a5df9570ec2f7c5b36218208ebbd9,real,801,1633,803,830,2337.3,47.5,1509,0.924,0.492,0.498,793.7,13,no,yes,0.074
1fe61fa665d87a2effbb75a5499a7934,real,822,1479,858,621,5098.9,13.3,1455,0.984,0.580,0.409,5024.8,5,no,yes,0.070
cda112b465df3469ebb143b64370d8e2,real,302,615,301,314,746.3,10.3,608,0.989,0.489,0.494,644.3,4,no,yes,0.068
b5b25ac9e4caf03cc5cdd6c0b406086a,real,942,1986,998,988,1533.4,17.9,1960,0.987,0.503,0.491,629.3,8,no,yes,0.067
6ea998df24c13db4fa0676d04bc137d4,real,738,1406,749,657,4694.9,15.0,1371,0.975,0.533,0.462,1992.9,18,no,yes,0.067
fbbc32cf197912622d6729349da8b9d9,real,269,536,262,274,1016.9,13.2,522,0.974,0.489,0.489,923.1,5,no,yes,0.062
0dd43c2df2233624028c57a1f043d5ae,real,288,559,273,286,1336.5,30.6,525,0.939,0.488,0.487,1189.0,6,no,yes,0.061
aadd562609afd339325b83b594b1d97e,real,253,488,247,241,1289.4,26.0,461,0.945,0.506,0.477,1195.1,5,no,yes,0.055
c557c2bc9cd0690956bb334049d1855c,real,439,844,432,412,2647.9,46.2,742,0.880,0.512,0.472,2274.5,9,no,yes,0.047
babc96a3a76840f35938e88ac86c796a,real,451,874,455,419,1725.1,15.7,863,0.987,0.521,0.469,1181.4,6,no,yes,0.046
23e5fd56cea699b077d94fa2c2a854af,real,388,783,384,399,1517.8,10.2,763,0.974,0.490,0.489,1292.9,7,no,yes,0.044
d1de91fd31b3e02b8de2d3f94f4565e5,real,810,1578,808,770,3412.2,16.9,1531,0.970,0.512,0.480,2673.0,14,no,yes,0.043
c1086e0520a6729180e5d6985f311fda,real,329,656,325,331,1776.0,21.9,627,0.956,0.495,0.492,568.1,8,no,yes,0.040
2df459fd29bc36f7f95c9bf71ecdc615,real,767,1444,776,668,5372.4,18.8,1405,0.973,0.537,0.458,3910.9,15,no,yes,0.038
e26ced28897fe64266511ba2ccf46bbc,real,248,479,246,233,2612.7,28.3,449,0.937,0.514,0.468,2338.3,8,no,yes,0.036
3ed7e090b32fb1acdd98cf24f4d35ff5,real,514,1381,738,643,3546.2,15.4,1357,0.983,0.534,0.458,2038.4,9,no,yes,0.030
daaeb730edd25766babb98fab7f869e4,real,468,1038,502,536,4266.6,49.6,459,0.442,0.484,0.500,1475.1,20,no,yes,0.030
7fe40c4a8c2ed5cbd0560f9f334c4c87,real,368,748,373,375,1935.8,43.0,570,0.762,0.499,0.497,1482.7,8,no,yes,0.026
ab115421e1db99148b0d106d53686356,real,226,444,221,223,1296.8,7.9,439,0.989,0.498,0.489,1079.5,5,no,yes,0.017
154285fc0af67bb32fa05607f931bd03,real,430,819,425,394,2748.5,11.2,809,0.988,0.519,0.473,1523.9,8,no,yes,0.014
e6f611fd2e20369237ffc960a066544a,real,546,1113,549,564,1565.5,15.4,1096,0.985,0.493,0.497,957.0,6,no,yes,0.004
0023fbc0cb2119235e6482ca221e34fb,fake,1,0,0,0,0.0,0.0,0,0.000,0.000,0.000,0.0,0,no,no,0.000
0031ff8f6d0f6502fde093a640ae836a,fake,8,8,2,6,1.7,1.7,8,1.000,0.250,0.250,1.4,1,no,no,0.000
0113d0bd2d4ef9b8e2fe2f6cea7e7459,fake,2,2,1,1,1.5,1.5,2,1.000,0.500,0.500,1.5,1,no,no,0.000
017943b96fcf976fe0aba5a7ad2853df,fake,7,6,6,0,47.9,47.9,4,0.333,1.000,0.167,22.7,2,no,no,0.000
01864d7fea46693bf14e37c3ecef5675,fake,24,25,17,8,53.3,49.9,22,0.880,0.680,0.080,22.1,3,no,no,0.000
01de4d2053fdd13c2c8971d126c12f54,fake,33,34,2,32,107.0,85.5,27,0.794,0.059,0.059,39.9,4,no,no,0.000
01ff89a55143b7192318f1da3e75f14b,fake,64,64,37,27,89.3,50.5,59,0.922,0.578,0.031,20.8,4,no,no,0.000
0228c902f08a0ec4b5a1561412bb3cc9,fake,2,1,1,0,4.4,4.4,1,1.000,1.000,1.000,0.0,1,no,no,0.000
037ee20a966d0f0af3175b0006d48ad5,fake,12,11,4,7,23.0,23.0,11,1.000,0.364,0.091,11.7,1,no,no,0.000
03d921e6ca3b8314e6eb365c028359a5,fake,2,1,1,0,5.3,5.3,1,1.000,1.000,1.000,0.0,1,no,no,0.000
0405b3080a22a4e9986eb623c040260e,fake,4,3,3,0,0.1,0.1,3,1.000,1.000,0.333,0.1,1,no,no,0.000
05060f35c8d41ea81979a01703c00513,fake,3,2,2,0,6.5,6.5,2,1.000,1.000,0.500,4.5,1,no,no,0.000
07fa6024725cc4071aea3a07c6ae0939,fake,87,90,81,9,30.8,25.7,80,0.889,0.900,0.022,2.5,2,no,no,0.000
083d5eed15c175ec5754fef0df4688f9,fake,59,59,24,35,212.6,192.9,30,0.508,0.407,0.034,49.9,7,no,no,0.000
0841dd4896f19779fd7d62ab54bcbb3d,fake,2,3,2,1,12.5,12.5,3,1.000,0.667,0.667,12.5,1,no,no,0.000
087b66e4b2b8f5b72998fa3f53b5bba1,fake,6,5,2,3,3.4,3.4,5,1.000,0.400,0.200,2.1,1,no,no,0.000
08829dc750f32863923c29fa2f3768bd,fake,177,202,128,74,72.1,15.3,196,0.970,0.634,0.020,25.4,3,no,no,0.000
0975fabd552737d83829c2a4698c37dd,fake,3,3,2,1,3.0,3.0,3,1.000,0.667,0.667,2.5,1,no,no,0.000
0a72fe695ce90f6e783408c736452517,fake,1,0,0,0,0.0,0.0,0,0.000,0.000,0.000,0.0,0,no,no,0.000
0b1638be1750a61dbebaae7d945bc378,fake,10,10,10,0,34.4,34.4,9,0.900,1.000,0.200,16.8,2,no,no,0.000
0bf0a45a21e4487a5b9d400ffa3a9bfa,fake,2,1,0,1,8.2,8.2,1,1.000,0.000,1.000,0.0,1,no,no,0.000
0c7d1f25478e5ad28a00b329d6bef9fd,fake,3,2,2,0,0.7,0.7,2,1.000,1.000,0.500,0.5,1,no,no,0.000
0d6e40a203a5133ccfdf1c7f815d5fcb,fake,17,17,13,4,47.5,47.5,16,0.941,0.765,0.118,43.1,2,no,no,0.000
0f4187020e93235745393370c65441fe,fake,3,2,2,0,328.0,328.0,1,0.500,1.000,0.500,326.1,2,no,no,0.000
104b756250db98397985c467c4c4b65f,fake,2,1,1,0,0.1,0.1,1,1.000,1.000,1.000,0.0,1,no,no,0.000
107f115f05081ad2cb31e33db1d9f385,fake,1,0,0,0,0.0,0.0,0,0.000,0.000,0.000,0.0,0,no,no,0.000
143db9dbc8f841254e1e18607a4f483a,fake,2,1,1,0,0.9,0.9,1,1.000,1.000,1.000,0.0,1,no,no,0.000
166d914d434593b62452bfe9013f14e6,fake,3,3,3,0,5.5,5.5,3,1.000,1.000,0.333,5.5,1,no,no,0.000
16b4739d8895736bcfd371017c82ff86,fake,66,66,15,51,99.6,20.0,64,0.970,0.227,0.030,65.7,3,no,no,0.000
16f7c60868f591a27634ca44645a2cac,fake,1,0,0,0,0.0,0.0,0,0.000,0.000,0.000,0.0,0,no,no,0.000
177e4da12362a031f288acb6f0432572,fake,1,0,0,0,0.0,0.0,0,0.000,0.000,0.000,0.0,0,no,no,0.000
18db69d3a84212f85e4a8fbc1cd33ea5,fake,2,1,0,1,1.0,1.0,1,1.000,0.000,1.000,0.0,1,no,no,0.000
1b302708a92c0fce626cfe869ff8e37f,fake,8,7,6,1,10.3,10.3,7,1.000,0.857,0.143,4.3,1,no,no,0.000
1ce57663555827aa9e41dbcb940b9e55,fake,8,7,5,2,7.1,7.1,7,1.000,0.714,0.143,5.9,1,no,no,0.000
1eda62f4150f3171e8ef075e9ac71bb3,fake,21,22,18,4,139.0,133.4,17,0.773,0.818,0.091,69.1,4,no,no,0.000
1f93c3c447ef3579658833091be1516e,fake,4,3,2,1,17.1,17.1,3,1.000,0.667,0.333,6.1,1,no,no,0.000
221abdef5575a8d8a03b1c2062942b90,fake,7,6,6,0,4.9,4.9,6,1.000,1.000,0.167,2.4,1,no,no,0.000
234d6ef04c88708be9fd74e3b21b3432,fake,34,34,20,14,21.7,21.5,34,1.000,0.588,0.059,14.1,1,no,no,0.000
2359f84ddc96e35f1c2b206745a4673b,fake,2,1,1,0,4.8,4.8,1,1.000,1.000,1.000,0.0,1,no,no,0.000
23d5d59f668b62e1f9e5c8b5b8a9dbcf,fake,2,1,0,1,23.8,23.8,1,1.000,0.000,1.000,0.0,1,no,no,0.000
2405c74dfa786fb68e2cf1dfba762b39,fake,64,65,58,7,2155.1,2103.7,34,0.523,0.892,0.031,1772.8,15,no,no,0.000
273f3c13279b75e173dee68c1df9da0b,fake,5,5,5,0,161.2,161.2,4,0.000,1.000,0.400,135.2,2,no,no,0.000
288942c3a7825db37af68d12a2d07f6a,fake,2,1,1,0,4.5,4.5,1,1.000,1.000,1.000,0.0,1,no,no,0.000
28d3511b799d208d302e199f1cc6ab0c,fake,34,36,15,21,2.4,1.2,36,1.000,0.417,0.056,1.2,1,no,no,0.000
29083ba6fba81a006334b8f600dcc338,fake,8,9,7,2,27.4,27.4,6,0.667,0.778,0.222,23.6,2,no,no,0.000
29e45e19a92417306928027381b53c06,fake,115,116,6,110,57.1,5.5,115,0.991,0.052,0.017,35.8,2,no,no,0.000
2c5bd1404d8177d9cbd3f701b8f7690a,fake,1,0,0,0,0.0,0.0,0,0.000,0.000,0.000,0.0,0,no,no,0.000
2cc541bc44e2c55c0902a602b1fce5a0,fake,2,1,0,1,0.6,0.6,1,1.000,0.000,1.000,0.0,1,no,no,0.000
2cdc004ccbd20b3f627829f87249a215,fake,5,4,4,0,34.6,34.6,2,0.500,1.000,0.250,15.2,2,no,no,0.000
2dd967c5da89752ddd4aa53c28d214ea,fake,5,4,4,0,0.4,0.4,4,1.000,1.000,0.250,0.2,1,no,no,0.000
2e305f8de68d4a5156b494de7e8dcc7d,fake,6,5,5,0,3.4,3.4,5,1.000,1.000,0.200,1.5,1,no,no,0.000
2ea0c40dbb900959069a62609f10909c,fake,1,0,0,0,0.0,0.0,0,0.000,0.000,0.000,0.0,0,no,no,0.000
2f1ad12714d907337c3c0389594b6b62,fake,3,2,2,0,1.1,1.1,2,1.000,1.000,0.500,0.8,1,no,no,0.000
2fd89bb895376e1f4a824ecb22b12c44,fake,2,1,1,0,14.6,14.6,1,1.000,1.000,1.000,0.0,1,no,no,0.000
2fed5fb35f0db9818dee953b25aece87,fake,11,12,12,0,5.8,5.8,12,1.000,1.000,0.167,4.4,1,no,no,0.000
307246d773e4a8a9e23c2b7a4b0684f6,fake,9,8,6,2,4.3,4.3,8,1.000,0.750,0.125,1.6,1,no,no,0.000
330e0b40a46f0db15a5021e083d63b1b,fake,8,7,2,5,5.0,5.0,7,1.000,0.286,0.143,2.4,1,no,no,0.000
3384ca89a41335fd34423aca99712e55,fake,39,42,37,5,66.2,60.9,37,0.881,0.881,0.071,20.9,3,no,no,0.000
3544a68b950cbafd331850ab82a34f85,fake,38,39,37,2,45.7,25.0,37,0.949,0.949,0.051,20.7,2,no,no,0.000
361431f5c0dd83b10537f36742fa2f2c,fake,5588,6184,5079,1105,1780.9,43.5,3740,0.606,0.821,0.001,1492.5,12,yes,no,0.000
36882481250b3ff6c768255c9e70f241,fake,5,4,3,1,19.0,19.0,4,1.000,0.750,0.250,14.8,1,no,no,0.000
36c0e378791393fe0728bcc098bdf129,fake,31,33,25,8,4.4,4.3,33,1.000,0.758,0.091,0.7,1,no,no,0.000
370f4177e26681e392ccacfba958a5a6,fake,13,14,7,7,21.7,21.7,14,1.000,0.500,0.143,8.9,1,no,no,0.000
379756847418e5891e2bc628e391d091,fake,23,22,22,0,83.0,45.3,20,0.909,1.000,0.045,37.6,3,no,no,0.000
38745d8d08a8e66c0b9259ea54d89d3a,fake,1,0,0,0,0.0,0.0,0,0.000,0.000,0.000,0.0,0,no,no,0.000
390bb4d66c16e932e9bd1f82a57c567d,fake,3,4,3,1,148.5,148.5,2,0.500,0.750,0.500,95.5,3,no,no,0.000
39c1b38be97ed5d4e764d176556facc7,fake,50,53,17,36,34.9,13.3,52,0.981,0.321,0.038,21.6,2,no,no,0.000
39d6ad31cb463fc6d74051c44d5ca80d,fake,10,9,9,0,4.5,4.5,9,1.000,1.000,0.111,2.5,1,no,no,0.000
39d7e17e4ca10030b17a5f4e607f4ffe,fake,1,0,0,0,0.0,0.0,0,0.000,0.000,0.000,0.0,0,no,no,0.000
39fadef2b7d41f07fad226b92eb92dc4,fake,8,7,7,0,3.7,3.7,7,1.000,1.000,0.143,2.7,1,no,no,0.000
3a6537369e3534fd5cefaca4bf46b2d0,fake,30,29,0,29,21.1,13.9,29,1.000,0.000,0.034,7.2,1,no,no,0.000
3a7dd32d02eaa646100b9ac75e4b3e11,fake,35,35,23,12,54.4,35.6,33,0.943,0.657,0.057,32.8,3,no,no,0.000
3dead09f952d1b52ff43cc999d5325e7,fake,2,1,1,0,6.1,6.1,1,1.000,1.000,1.000,0.0,1,no,no,0.000
3e7a10e86b183b7ca64eb17e8f06cd51,fake,173,184,142,42,43.5,17.4,182,0.989,0.772,0.016,15.3,2,no,no,0.000
3eac5e68f6e22a6303de65a7778a6c98,fake,377,403,318,85,47.4,44.6,241,0.402,0.789,0.007,2.0,2,no,no,0.000
3f179adcf085ad826664f922021fade4,fake,14,13,13,0,78.7,78.7,11,0.846,1.000,0.077,72.8,2,no,no,0.000
4059a550625b455037e2517abb3aa7c6,fake,34,34,21,13,36.0,22.3,33,0.971,0.618,0.059,13.7,2,no,no,0.000
41507ec732e29e0b2de2fb76d2c0cd71,fake,5,4,4,0,3.0,3.0,4,1.000,1.000,0.250,1.7,1,no,no,0.000
43176dfd62f56da5693d2113a70e38a3,fake,8,7,7,0,16.6,16.6,7,1.000,1.000,0.143,15.7,1,no,no,0.000
433907edf0b59d90043543e9b79ae085,fake,1,0,0,0,0.0,0.0,0,0.000,0.000,0.000,0.0,0,no,no,0.000
43429eb33aa3869f232c57afd20f4d5f,fake,1,0,0,0,0.0,0.0,0,0.000,0.000,0.000,0.0,0,no,no,0.000
434cd86395654f3eb14334d1c75af262,fake,1,0,0,0,0.0,0.0,0,0.000,0.000,0.000,0.0,0,no,no,0.000
43a1fc88a9d01169279d5da5197c45d4,fake,17,17,13,4,16.4,16.4,17,1.000,0.765,0.118,5.1,1,no,no,0.000
43cfe53828bb9d499e150438326a7901,fake,2,1,0,1,0.7,0.7,1,1.000,0.000,1.000,0.0,1,no,no,0.000
44654756896437de55b8ca2ab5a5df07,fake,117,127,81,46,69.5,42.0,64,0.504,0.638,0.024,26.4,3,no,no,0.000
4574a7d606a5be31a8ca91ecde9546e0,fake,24,26,26,0,28.6,7.2,25,0.962,1.000,0.115,21.4,2,no,no,0.000
45fe0aaa3bf850e5295a344d259aff77,fake,64,68,32,36,2175.0,10.9,66,0.971,0.471,0.029,1635.8,3,no,no,0.000
460b078edd44280dc2535535add5d2fa,fake,5,4,2,2,1.9,1.9,4,1.000,0.500,0.250,1.3,1,no,no,0.000
46d83f5f165a2095a736b084455009e2,fake,1,0,0,0,0.0,0.0,0,0.000,0.000,0.000,0.0,0,no,no,0.000
4753d8bbee79a16d166f9228236cee5e,fake,26,25,18,7,14.5,7.9,25,1.000,0.720,0.040,6.6,1,no,no,0.000
47b0f1a7066dc9e71ce71f952ed98624,fake,38,40,35,5,12.9,9.4,40,1.000,0.875,0.050,6.2,1,no,no,0.000
4b796418cad9ae13f4cc039390b85d90,fake,10,9,1,8,28.6,28.6,8,0.889,0.111,0.111,20.4,2,no,no,0.000
4c10144f0f5303bb7991b8d956b91056,fake,1,0,0,0,0.0,0.0,0,0.000,0.000,0.000,0.0,0,no,no,0.000
4c786fbf3b0d54b8888dd51f0cb988e6,fake,62,74,32,42,47.4,12.4,73,0.986,0.432,0.068,28.0,2,no,no,0.000
4da491ad61783ce67e59f2b34ac8996d,fake,15,15,14,1,276.2,276.2,10,0.667,0.933,0.133,137.3,4,no,no,0.000
4e1bfd7b4eaa9fd5a00370c8a0cb5d7b,fake,45,73,41,32,51.7,19.3,70,0.959,0.562,0.260,31.0,2,no,no,0.000
5062eddaf1c2588f582c94e7b68e597b,fake,2,1,1,0,0.1,0.1,1,1.000,1.000,1.000,0.0,1,no,no,0.000
51f6c9e8f1adc2cd9c7126d71f3aa978,fake,11,10,10,0,143.1,143.1,7,0.700,1.000,0.100,110.7,3,no,no,0.000
528aab2e9a7a31de801513d18739206c,fake,9,9,6,3,94.5,94.5,7,0.778,0.667,0.222,66.6,3,no,no,0.000
5343c481f3b9a723bad399614ce730f6,fake,1,0,0,0,0.0,0.0,0,0.000,0.000,0.000,0.0,0,no,no,0.000
54bad0d508788e521c13024153b6273e,fake,33,33,3,30,22.6,22.3,33,1.000,0.091,0.030,3.1,1,no,no,0.000
559119d8dc5ffbd23a79964015c33cb5,fake,4,3,1,2,1.8,1.8,3,1.000,0.333,0.333,1.6,1,no,no,0.000
55c90f2a89a8ffcf44384b4b66daa1ad,fake,2,1,1,0,13.6,13.6,1,1.000,1.000,1.000,0.0,1,no,no,0.000
569e8f67ec0f94275666352472119e6d,fake,44,48,33,15,1150.8,15.4,47,0.979,0.688,0.042,1134.0,2,no,no,0.000
58b3220bbcca2d4b98b0437b0deadd91,fake,31,30,24,6,17.3,16.7,30,1.000,0.800,0.033,6.3,1,no,no,0.000
5942ebbe9bcd85f06fc47c601336dd5d,fake,28,39,19,20,229.4,98.3,33,0.846,0.487,0.103,131.1,6,no,no,0.000
59fd0c6dd6c870ec15de01c81716073e,fake,4,3,3,0,14.4,14.4,3,1.000,1.000,0.333,13.7,1,no,no,0.000
59ffc06a12215c0631183143027ee1e4,fake,20,19,16,3,28.1,28.1,14,0.737,0.842,0.053,12.6,2,no,no,0.000
5b772bd1eeb2ec7c021180758cb6c9a0,fake,2,27,10,17,1013.0,1013.0,15,0.556,0.370,0.963,669.8,5,no,no,0.000
5bdc8caedccda809be8ba17d4e5fc984,fake,5,4,3,1,72.1,72.1,3,0.750,0.750,0.250,70.5,2,no,no,0.000
5cd2e0892c8bfe9496fb2ab4e11adaf9,fake,12,11,10,1,7.5,7.5,11,1.000,0.909,0.091,2.1,1,no,no,0.000
5d1f65867b6704e15cd2d4bcd614c914,fake,4,3,1,2,13.5,13.5,3,1.000,0.333,0.333,8.1,1,no,no,0.000
5d2647c5ad49d8150c5345f0c02fe7d4,fake,1,1,1,0,0.1,0.1,1,1.000,1.000,1.000,0.0,1,no,no,0.000
5d79f489915664c1f3b7b5314aeb89c4,fake,3,2,1,1,1.6,1.6,2,1.000,0.500,0.500,1.1,1,no,no,0.000
5ddff49985461e32ad3abccc477d1244,fake,15,16,12,4,30.5,30.5,14,0.875,0.750,0.125,9.8,2,no,no,0.000
5ea696e5fab967fd2bb0846719d04bdd,fake,11,10,9,1,5.1,5.1,10,1.000,0.900,0.100,1.2,1,no,no,0.000
5ef836ff8ad594231669f67f10779e58,fake,4,3,2,1,290.6,290.6,1,0.000,0.667,0.333,184.8,3,no,no,0.000
6122f5a541ce1bda6c8324aa72052a71,fake,19,21,19,2,8.6,7.6,21,1.000,0.905,0.143,2.1,1,no,no,0.000
6214c744b2221303a1efa8654b7875e2,fake,2,1,1,0,0.1,0.1,1,1.000,1.000,1.000,0.0,1,no,no,0.000
6346cce4608b3f9b8b0002e65c706915,fake,1,0,0,0,0.0,0.0,0,0.000,0.000,0.000,0.0,0,no,no,0.000
6513569744c0df517351585aba2aa83b,fake,9,8,7,1,4.8,4.8,8,1.000,0.875,0.125,3.6,1,no,no,0.000
6528b2eaaba2b00c6daf55b2212f95e8,fake,75,76,71,5,142.6,20.9,75,0.987,0.934,0.026,119.8,2,no,no,0.000
652ff7fbd46f6ea364c4260e633ec7ab,fake,1,0,0,0,0.0,0.0,0,0.000,0.000,0.000,0.0,0,no,no,0.000
6667dcf5142be6c7e8815166cc4f25ec,fake,13,13,9,4,5.9,5.9,13,1.000,0.692,0.154,2.8,1,no,no,0.000
66e831a0b4a85743b2fe2422aa3ea862,fake,1181,1247,859,388,525.8,4.8,1238,0.993,0.689,0.002,243.3,6,yes,no,0.000
676ed466d377383350391fcf62e77a70,fake,7,6,5,1,4.8,4.8,6,1.000,0.833,0.167,2.4,1,no,no,0.000
676f52649722644c1f0131254decdc9f,fake,12,11,9,2,9.3,9.3,11,1.000,0.818,0.091,4.4,1,no,no,0.000
67703d7e24d95005e1ea72950a6435f6,fake,2,3,2,1,194.9,194.9,2,0.000,0.667,0.667,175.1,2,no,no,0.000
6a22fae42cb3893217dc88d293056c09,fake,20,19,19,0,366.3,366.3,12,0.632,1.000,0.053,109.2,8,no,no,0.000
6a5e1ca5dd62be87f532aa0ae598b46b,fake,18,18,18,0,11.9,11.9,18,1.000,1.000,0.111,2.4,1,no,no,0.000
6bc9b412a7cbd4aef22fa738fff29c55,fake,2,1,1,0,1.2,1.2,1,1.000,1.000,1.000,0.0,1,no,no,0.000
6bd9aae7ea3f635e4fd85483a61508c7,fake,6,5,3,2,1.4,1.4,5,1.000,0.600,0.200,0.8,1,no,no,0.000
6c900d3b847ec4f933069c6a8a535bb4,fake,33,36,25,11,44.0,24.0,35,0.972,0.694,0.056,20.0,2,no,no,0.000
6d7a77bdba2b8ca78362b9a620f2c198,fake,17,18,17,1,7.9,7.9,18,1.000,0.944,0.111,2.2,1,no,no,0.000
6dd6821f37767930282562d8fbe7ba3e,fake,2,1,1,0,3.6,3.6,1,1.000,1.000,1.000,0.0,1,no,no,0.000
6df6c542f3b341d80bdfd8fbd4bcf547,fake,387,408,144,264,72.4,30.1,350,0.860,0.353,0.012,11.1,4,no,no,0.000
6f6e98fa2f7ab7b70263e1aa12e332b3,fake,1,0,0,0,0.0,0.0,0,0.000,0.000,0.000,0.0,0,no,no,0.000
7096cb831fa300d13b7a75018526c19d,fake,3,2,2,0,0.6,0.6,2,1.000,1.000,0.500,0.5,1,no,no,0.000
71238a96afcf82e275f6019288a9e58f,fake,164,167,0,167,8.9,7.4,167,1.000,0.000,0.012,0.6,1,no,no,0.000
7175fcbd8e3f44959ecd6a2d574dd6b2,fake,12,11,5,6,9.3,9.3,11,1.000,0.455,0.091,4.5,1,no,no,0.000
71964e1c3c5a32ee79fc6bf243d0168b,fake,2,1,1,0,0.2,0.2,1,1.000,1.000,1.000,0.0,1,no,no,0.000
7315e3b4cf5d93a7085e9eada087f800,fake,1,0,0,0,0.0,0.0,0,0.000,0.000,0.000,0.0,0,no,no,0.000
73881857dff96bf90403dfdf417b31a3,fake,26,29,17,12,20.4,19.4,29,1.000,0.586,0.172,11.8,1,no,no,0.000
75b294b2dc204e6db1e404b2a494c159,fake,3,2,1,1,123.2,123.2,1,0.000,0.500,0.500,119.7,2,no,no,0.000
75f701026763ddabd14494d25fe9e0a7,fake,2,1,0,1,0.0,0.0,1,1.000,0.000,1.000,0.0,1,no,no,0.000
768dae4fd61d3e2d6900fa43816f4cd7,fake,96,108,65,43,111.9,71.8,49,0.333,0.602,0.019,21.4,5,no,no,0.000
76992f0a975db38babcacc7b57be09b5,fake,44,48,47,1,300.6,102.6,29,0.604,0.979,0.062,152.5,6,no,no,0.000
76aa1c9b10cdd3d22a9fb8b90314040c,fake,3,2,1,1,3.6,3.6,2,1.000,0.500,0.500,3.5,1,no,no,0.000
76fa08b4a188e981c6e1ed7cc16667c5,fake,1,0,0,0,0.0,0.0,0,0.000,0.000,0.000,0.0,0,no,no,0.000
778088c1c46b351221618413500e0c82,fake,5,4,4,0,34.5,34.5,2,0.500,1.000,0.250,30.9,2,no,no,0.000
7abd7109421910c800a336dedd019617,fake,18,19,16,3,12.5,12.5,19,1.000,0.842,0.105,5.5,1,no,no,0.000
7ba39a7cb81e5cab49a0ec309825d608,fake,13,13,13,0,54.7,54.7,10,0.769,1.000,0.154,25.9,3,no,no,0.000
7c89e0e174e4aae7ecbe23ccc27376ae,fake,2,1,1,0,11.2,11.2,1,1.000,1.000,1.000,0.0,1,no,no,0.000
7cec4344e2e5a24100a0203040c77472,fake,1,0,0,0,0.0,0.0,0,0.000,0.000,0.000,0.0,0,no,no,0.000
7dd1d4f129d2bab9fbf73ea20e7e1ef5,fake,131,136,80,56,55.1,11.4,132,0.971,0.588,0.015,21.8,3,no,no,0.000
7e494b161917dd2efa0b5756cc5f99f6,fake,1,0,0,0,0.0,0.0,0,0.000,0.000,0.000,0.0,0,no,no,0.000
7e97de2088c6ad58a3414e5ff67d1a78,fake,1,0,0,0,0.0,0.0,0,0.000,0.000,0.000,0.0,0,no,no,0.000
7ec6255f5700c131a3cc2ba9d4d1daf5,fake,10,11,10,1,1311.0,1311.0,9,0.818,0.909,0.182,1295.2,2,no,no,0.000
7f63b1a8e534cefe7a7d88d530f31838,fake,1,1,1,0,1.0,1.0,1,1.000,1.000,1.000,0.0,1,no,no,0.000
8001362b06d77963eec4bab376acb777,fake,5,5,5,0,131.0,131.0,4,0.800,1.000,0.400,108.8,2,no,no,0.000
80b39b96da238e701801f49dae26575f,fake,193,205,0,205,2000.3,160.4,106,0.517,0.000,0.020,1727.2,9,no,no,0.000
811ffb87a4ff02bb0fdf7b27070a0add,fake,14,14,8,6,10.4,10.4,14,1.000,0.571,0.143,2.4,1,no,no,0.000
830d1afc03c2ade2a7488b8a96ae5c63,fake,10,9,8,1,20.2,20.2,9,1.000,0.889,0.111,11.7,1,no,no,0.000
835e50b0f5e2d5d22ccd40f8ca387d7a,fake,12,11,10,1,0.8,0.8,11,1.000,0.909,0.091,0.2,1,no,no,0.000
847c89bd4aaf4294d0ad0f40652160ad,fake,14,18,13,5,17.4,17.4,18,1.000,0.722,0.111,16.1,1,no,no,0.000
84b33dc07cb21324eb970bd86187eba5,fake,10,10,5,5,62.0,62.0,9,0.900,0.500,0.100,54.3,2,no,no,0.000
8526b9eb5afa55e554c541092080c80c,fake,3,2,2,0,0.3,0.3,2,1.000,1.000,0.500,0.2,1,no,no,0.000
867e1c0014b905fab6400182345671a7,fake,6,5,5,0,2.8,2.8,5,1.000,1.000,0.200,1.9,1,no,no,0.000
872f6515f1b09bf0f95ce4d67c8cf279,fake,8,8,6,2,2.6,2.6,8,1.000,0.750,0.250,1.7,1,no,no,0.000
88196f1e76796b8548724e2da7558a42,fake,22,23,9,14,22.4,21.2,23,1.000,0.391,0.087,11.5,1,no,no,0.000
88cbea562ded2a8527f4055d143b8236,fake,2,1,1,0,0.6,0.6,1,1.000,1.000,1.000,0.0,1,no,no,0.000
8adaede76bc429686bc34a032006ac7d,fake,13,12,9,3,22.5,22.5,12,1.000,0.750,0.083,10.5,1,no,no,0.000
8b1699f170f2b9d1e3215b3806bca8f5,fake,8,7,7,0,4.2,4.2,7,1.000,1.000,0.143,2.5,1,no,no,0.000
8b22957cb229a74a5418eec6a0a34171,fake,8,9,4,5,23.4,23.4,9,1.000,0.444,0.222,8.8,1,no,no,0.000
8bcbac42fde4567abe70d24b363c3285,fake,50,51,39,12,2642.7,801.5,23,0.451,0.765,0.039,1829.5,14,no,no,0.000
8cd5d4ad629b947f1045fea7797fa03b,fake,2,1,1,0,42.0,42.0,1,0.000,1.000,1.000,0.0,1,no,no,0.000
8d3f3928d2cc56e713d7e63576abf7e9,fake,1,0,0,0,0.0,0.0,0,0.000,0.000,0.000,0.0,0,no,no,0.000
8d8262007501bb0fd4e9552e295e3551,fake,4,4,3,1,1.2,1.2,4,1.000,0.750,0.500,1.0,1,no,no,0.000
8e3257de1f8e9d3808a5ae2c7c9dbfe6,fake,10941,11844,802,11042,2193.6,49.3,10259,0.866,0.068,0.001,160.4,47,yes,no,0.000
8e56a4429f74e7a50105f872dc1e4380,fake,8,11,7,4,25.4,25.4,10,0.909,0.636,0.364,15.8,2,no,no,0.000
8ee33c220386aeab5181379c27c34df8,fake,5,4,1,3,9.0,9.0,4,1.000,0.250,0.250,3.5,1,no,no,0.000
8fb0a17a4e20ae2b5e527af0d31c333c,fake,1,0,0,0,0.0,0.0,0,0.000,0.000,0.000,0.0,0,no,no,0.000
9085c4c7ec090823fd44b431251fec7b,fake,86,90,30,60,17.0,3.0,90,1.000,0.333,0.022,10.4,1,no,no,0.000
90d65fd46170af68778a73852b163af8,fake,2,1,1,0,1.1,1.1,1,1.000,1.000,1.000,0.0,1,no,no,0.000
90d91e7b8f4c6a4eb3e8ce2d70d0333c,fake,3,2,2,0,0.2,0.2,2,1.000,1.000,0.500,0.2,1,no,no,0.000
910e939741c475fc921b3051320c7b24,fake,18,20,8,12,22.5,22.5,20,1.000,0.400,0.100,16.0,1,no,no,0.000
913fa00ed43eca6ab63c383dfb69b05a,fake,7,6,5,1,0.4,0.4,6,1.000,0.833,0.167,0.1,1,no,no,0.000
91bf7a5e1bd92f46aecefb4668799be4,fake,10,10,8,2,214.1,214.1,5,0.600,0.800,0.200,140.0,4,no,no,0.000
92e8d45c5547d86fd672adcddab7c843,fake,5,4,2,2,896.0,896.0,3,0.750,0.500,0.250,893.7,2,no,no,0.000
953246aac3dcdaa4d91bfcf7f9411ea4,fake,23,22,13,9,10.8,6.4,22,1.000,0.591,0.045,4.4,1,no,no,0.000
9738c962e06e8b04043946809f2b3256,fake,2,1,0,1,0.7,0.7,1,1.000,0.000,1.000,0.0,1,no,no,0.000
9948b5f9044f5322f461c474cdab10f7,fake,1083,1181,243,938,406.4,22.2,1135,0.961,0.206,0.004,223.7,8,yes,no,0.000
9ade50fe47203dc675f62b9afc797c22,fake,26,26,22,4,150.9,125.9,23,0.885,0.846,0.077,74.0,4,no,no,0.000
9ae448b56ae69241bee32bd0fc6ad0b2,fake,34,35,29,6,142.1,70.2,30,0.857,0.829,0.057,71.9,4,no,no,0.000
9b2e080cf09f2141930d31e5fc0d4af4,fake,3,4,1,3,1.5,1.5,4,1.000,0.250,0.750,1.0,1,no,no,0.000
9bb8ac2818ccda0f74f2f78dc66545f9,fake,12,11,9,2,48.0,48.0,7,0.636,0.818,0.091,20.0,3,no,no,0.000
9c80c5e16a588d488d1a733a08a24128,fake,92,102,46,56,372.5,28.2,95,0.931,0.451,0.049,305.4,4,no,no,0.000
9d1135486f86da3600d7b0cf0d838a40,fake,19,21,20,1,3.9,2.1,21,1.000,0.952,0.143,1.8,1,no,no,0.000
9d74953ec2367c582bdab6c62653152a,fake,11,10,9,1,5.5,5.5,10,1.000,0.900,0.100,3.9,1,no,no,0.000
a1094e0097b464b9ab3de1896209b81f,fake,1,0,0,0,0.0,0.0,0,0.000,0.000,0.000,0.0,0,no,no,0.000
a118f567aa652878e0b7054bc17209ee,fake,525,533,0,533,74.2,4.6,530,0.994,0.000,0.004,45.0,4,no,no,0.000
a14955aee1fb058c4546c8c6405e7806,fake,24,23,20,3,2.3,2.1,23,1.000,0.870,0.043,0.4,1,no,no,0.000
a1b357addf77cd5cb4b43097f50b3fa8,fake,5,4,4,0,0.5,0.5,4,1.000,1.000,0.250,0.4,1,no,no,0.000
a2028348c3ad1e5ab1e66b0f8210b1df,fake,5,4,4,0,1.8,1.8,4,1.000,1.000,0.250,0.9,1,no,no,0.000
a257277d639ab491220683824c31c643,fake,22,23,17,6,240.6,108.4,14,0.609,0.739,0.087,132.2,6,no,no,0.000
a4451edd5854e738b117272b294a71d8,fake,45,45,10,35,15.8,8.6,45,1.000,0.222,0.022,4.8,1,no,no,0.000
a6ce2a61a27674663c3aaec7960b339e,fake,1,0,0,0,0.0,0.0,0,0.000,0.000,0.000,0.0,0,no,no,0.000
a74329e7ef0672fddf0057ab5dce8982,fake,4,4,3,1,30.4,30.4,3,0.750,0.750,0.500,20.5,2,no,no,0.000
a837484947a50410c4eb725b878744fc,fake,6,5,5,0,13.6,13.6,5,1.000,1.000,0.200,7.7,1,no,no,0.000
a94b68825227a2c474a61e5e7703581d,fake,4,3,0,3,355.1,355.1,2,0.667,0.000,0.333,355.0,2,no,no,0.000
a97bc96dd82c2547cab2f4fb526d8fb7,fake,6,6,5,1,48.9,48.9,4,0.667,0.833,0.333,48.1,2,no,no,0.000
aa5aa70a65029272be78f6f8fb61f3a8,fake,31,32,20,12,6.2,5.3,32,1.000,0.625,0.062,1.2,1,no,no,0.000
ab0066ddbc2fe493fa8f2793b59021c4,fake,4,4,4,0,2.2,2.2,4,1.000,1.000,0.250,2.0,1,no,no,0.000
ac2ad9cf6d718cb967f7ec96f826d6f2,fake,1,0,0,0,0.0,0.0,0,0.000,0.000,0.000,0.0,0,no,no,0.000
adb99eb5db25f553f20304404943a61d,fake,7,9,9,0,0.8,0.8,9,1.000,1.000,0.333,0.4,1,no,no,0.000
adf86268c0cfbafa39cf84003a20c073,fake,42,46,31,15,217.9,119.4,16,0.391,0.674,0.043,93.8,7,no,no,0.000
af234c09ed655bd44d8a4dbf559899fa,fake,23,25,15,10,57.0,27.1,23,0.920,0.600,0.080,29.9,3,no,no,0.000
b2478d76c292c3356bd68cc7d47564b8,fake,8,7,7,0,12.9,12.9,7,1.000,1.000,0.143,9.4,1,no,no,0.000
b2ccf1f51c848ab7e77a60eeec91e651,fake,14,14,11,3,22.3,22.3,14,1.000,0.786,0.071,9.0,1,no,no,0.000
b2da194de9f2a82ddfb073476153e33e,fake,2,2,2,0,5.4,5.4,2,1.000,1.000,0.500,4.3,1,no,no,0.000
b368a296a9f8920abb2b9e9517c99b3a,fake,19,19,14,5,134.7,134.7,18,0.947,0.737,0.105,124.8,2,no,no,0.000
b37a8fa66bbc0952c340256926aa2250,fake,3,2,2,0,1.4,1.4,2,1.000,1.000,0.500,1.4,1,no,no,0.000
b41146416d28f34c9b9902dbfef56ed3,fake,1,0,0,0,0.0,0.0,0,0.000,0.000,0.000,0.0,0,no,no,0.000
b607037e429b7d4e545b507b19a0025b,fake,11,11,11,0,45.7,45.7,9,0.818,1.000,0.091,33.0,2,no,no,0.000
b6415b4a008d1754a54eeb68db1552fa,fake,2,1,1,0,4.5,4.5,1,1.000,1.000,1.000,0.0,1,no,no,0.000
b644ef75b98f41b0a7fbaa5d5a6c3e92,fake,6,8,7,1,2.2,2.2,8,1.000,0.875,0.375,1.1,1,no,no,0.000
b6a85cbc11f0d5c296dd5343360dde58,fake,5,6,6,0,18.1,18.1,6,1.000,1.000,0.333,15.5,1,no,no,0.000
b6b44d01920c685c46e431a152050851,fake,64,73,47,26,15.7,12.1,73,1.000,0.644,0.041,3.5,1,no,no,0.000
b8dd24e6072c46ae79aae36859a5f361,fake,100,104,75,29,48.9,19.9,100,0.962,0.721,0.019,12.2,3,no,no,0.000
b9134272470f6b44c3656cb124b78c28,fake,2,1,0,1,2.0,2.0,1,1.000,0.000,1.000,0.0,1,no,no,0.000
ba21937e11df678cb83139e6bcd123e2,fake,1,0,0,0,0.0,0.0,0,0.000,0.000,0.000,0.0,0,no,no,0.000
ba7adafc69c2969f815ed6339e3f16dd,fake,2,1,1,0,32.4,32.4,1,0.000,1.000,1.000,0.0,1,no,no,0.000
bbc05d3a3ee32cd4bd4acdc3c82aeab1,fake,3,3,2,1,1.5,1.5,3,1.000,0.667,0.667,1.4,1,no,no,0.000
bc946e29a17673da15558fd48c8670ad,fake,16,16,14,2,44.2,44.2,15,0.938,0.875,0.125,24.6,2,no,no,0.000
bd33e32dd7be5ef64ac095422f09cf12,fake,11,12,10,2,2.8,2.8,12,1.000,0.833,0.167,1.3,1,no,no,0.000
bd6a1c27590d4484c364638fe459d43e,fake,14,13,8,5,1.0,1.0,13,1.000,0.615,0.077,0.3,1,no,no,0.000
bfd5909a39225ef7dd9c6b1c6e4bbe4e,fake,5,6,5,1,45.8,45.8,3,0.500,0.833,0.333,23.9,2,no,no,0.000
c12d2ea1d7254e0e7c3783b9165c8a37,fake,1,0,0,0,0.0,0.0,0,0.000,0.000,0.000,0.0,0,no,no,0.000
c17a6bffc0adeeec0401acbfd4307a23,fake,3,3,2,1,6.3,6.3,3,1.000,0.667,0.667,6.0,1,no,no,0.000
c1f09f8fef5e347d580b3d5d5136cef0,fake,3,2,1,1,0.0,0.0,2,1.000,0.500,0.500,0.0,1,no,no,0.000
c36790e45d6a43e0811b60d76c996af7,fake,3,2,2,0,0.4,0.4,2,1.000,1.000,0.500,0.3,1,no,no,0.000
c45fcf65dd96465b6e71ebfdf6e97aff,fake,32,31,31,0,46.8,42.7,22,0.710,1.000,0.032,23.4,2,no,no,0.000
c7192a7ad4bd1fccb10f1fb5ad6de0b0,fake,1,0,0,0,0.0,0.0,0,0.000,0.000,0.000,0.0,0,no,no,0.000
c752b9c4c94503806d418fbe6f40c5c0,fake,186,206,146,60,94.7,39.5,124,0.602,0.709,0.039,28.5,4,no,no,0.000
c831882a9aa9e5e8ae0088425b9e7661,fake,23,22,18,4,2194.9,723.3,14,0.636,0.818,0.045,1471.6,5,no,no,0.000
c85c4cb9bfaf157b0a26089c227c7c2a,fake,27,30,14,16,147.9,147.9,25,0.833,0.467,0.067,83.8,4,no,no,0.000
cb77000a3b3519eae996556caffdf44a,fake,23,22,20,2,1830.7,1556.5,18,0.818,0.909,0.045,1100.0,5,no,no,0.000
cbd1d59ce24eef8672460ebe8c937d97,fake,32,34,18,16,88.8,8.5,33,0.971,0.529,0.059,80.3,2,no,no,0.000
cd02df06a96c29461ce90891aca36bc1,fake,2,2,1,1,0.3,0.3,2,1.000,0.500,1.000,0.3,1,no,no,0.000
cdc961c4fa6e2e31fd6038af3523ee03,fake,7,7,2,5,22.9,22.9,7,1.000,0.286,0.286,9.3,1,no,no,0.000
ce97291d97cb70339a38f431000bd702,fake,4,3,3,0,56.1,56.1,2,0.333,1.000,0.333,54.9,2,no,no,0.000
cf631c83d81033226c6546b27d84306a,fake,18,22,12,10,23.1,18.1,22,1.000,0.545,0.091,6.6,1,no,no,0.000
cfcc18c76d90fe808965a1fff0908b10,fake,1,0,0,0,0.0,0.0,0,0.000,0.000,0.000,0.0,0,no,no,0.000
d08ddac9fbb158b3dd5071614db1492e,fake,1,0,0,0,0.0,0.0,0,0.000,0.000,0.000,0.0,0,no,no,0.000
d17c6bfc0da45b9c09b8f410a4d0b057,fake,104,123,57,66,94.3,54.8,104,0.846,0.463,0.024,25.6,4,no,no,0.000
d18c174427f6c54f5d61c38d59958474,fake,36,35,29,6,1415.0,1406.8,7,0.114,0.829,0.029,382.5,19,no,no,0.000
d210afbfcc1aa558e5d341be99b6d013,fake,24,23,23,0,17.9,5.6,23,1.000,1.000,0.043,12.2,1,no,no,0.000
d2a5a2b42cf743ed64862cd405fc441f,fake,2,1,0,1,9.9,9.9,1,1.000,0.000,1.000,0.0,1,no,no,0.000
d4f0821bd249acd8ea6f271b014042ae,fake,51,54,31,23,43.0,42.9,46,0.852,0.574,0.037,7.9,2,no,no,0.000
d56f5155cfdb1557fa1d387161c01ab6,fake,41,42,32,10,62.3,11.0,41,0.976,0.762,0.048,49.4,2,no,no,0.000
d58877d64a9985a0a3afc017a94bac88,fake,2,1,1,0,25.8,25.8,1,0.000,1.000,1.000,0.0,1,no,no,0.000
d5e9be82ec9f847f046a0e53ee2c0c68,fake,34,37,29,8,41.5,31.1,29,0.784,0.784,0.081,10.4,2,no,no,0.000
d5eb64d87104fc32e4f4695f83cc5443,fake,2,1,1,0,0.1,0.1,1,1.000,1.000,1.000,0.0,1,no,no,0.000
d6810235b732f4b5daffa73693d794aa,fake,10,9,1,8,34.7,34.7,8,0.889,0.111,0.111,15.9,2,no,no,0.000
d755b5901784750caef767f7d13b7453,fake,27,30,9,21,308.5,7.8,29,0.967,0.300,0.067,300.7,2,no,no,0.000
d7814922985f7b337347ffc0ff0eae56,fake,3,2,1,1,0.5,0.5,2,1.000,0.500,0.500,0.4,1,no,no,0.000
d9f5c36f5225d3e5f1fded01523edad3,fake,3,3,2,1,9.2,9.2,3,1.000,0.667,0.333,8.2,1,no,no,0.000
da24a08a924cf2267948b63b60b9ff63,fake,9,8,5,3,4.3,4.3,8,1.000,0.625,0.125,3.0,1,no,no,0.000
da2964f4cf371f77fde9394f16ca78bb,fake,14,13,11,2,75.4,75.4,12,0.923,0.846,0.077,62.9,2,no,no,0.000
db6d08f6110be4fd155466dc16910b25,fake,9,8,5,3,15.0,15.0,8,1.000,0.625,0.125,10.4,1,no,no,0.000
db8d0f260785af3a6f0aaba8bf9f3786,fake,7,6,6,0,4.3,4.3,6,1.000,1.000,0.167,3.1,1,no,no,0.000
db9ef3e6fbd6d388338ec82401b282c3,fake,127,131,87,44,72.9,15.1,130,0.992,0.664,0.015,56.6,2,no,no,0.000
ddded7d3950ac9805639fb6b7aee389e,fake,1,0,0,0,0.0,0.0,0,0.000,0.000,0.000,0.0,0,no,no,0.000
de56f81406a0ae69db69d5355d28b7e0,fake,1,0,0,0,0.0,0.0,0,0.000,0.000,0.000,0.0,0,no,no,0.000
df7a09575c7c8f276ac703a2eb63e0b9,fake,8,7,3,4,46.7,46.7,6,0.857,0.429,0.143,44.2,2,no,no,0.000
df9aabf2f48b832e6b311f0158ab1324,fake,45,47,38,9,86.0,9.3,46,0.979,0.809,0.043,76.0,2,no,no,0.000
e0859f513e758544ee20ead9f57e3714,fake,2,1,1,0,2.0,2.0,1,1.000,1.000,1.000,0.0,1,no,no,0.000
e16dec9af307dade913da6f6d981232c,fake,72,73,67,6,1368.5,1360.7,18,0.014,0.918,0.027,483.6,23,no,no,0.000
e3b1c97fbb435d24d0a4180f449a2b29,fake,5,6,5,1,59.5,59.5,4,0.667,0.833,0.333,46.2,2,no,no,0.000
e3bf71524edf94a8bdac8f27e226aac9,fake,32,31,18,13,99.2,7.0,30,0.968,0.581,0.032,92.2,2,no,no,0.000
e4b689b1aa3bd2773c650a22b8539473,fake,2,1,1,0,0.6,0.6,1,1.000,1.000,1.000,0.0,1,no,no,0.000
e5067026b5e767512aca908620deb52e,fake,1,0,0,0,0.0,0.0,0,0.000,0.000,0.000,0.0,0,no,no,0.000
e56c73c2412c45118996a15235d0d279,fake,6,5,3,2,14.3,14.3,5,1.000,0.600,0.200,8.5,1,no,no,0.000
e6b9352191eabfb1f6850e1ad023ab30,fake,2,1,0,1,0.4,0.4,1,1.000,0.000,1.000,0.0,1,no,no,0.000
e71de45b13e0d06eaec9599a82fb9e65,fake,47,48,45,3,34.6,21.6,46,0.958,0.938,0.042,7.9,2,no,no,0.000
e7ba5f3eab27e4d11acf903e1f7229c9,fake,1,0,0,0,0.0,0.0,0,0.000,0.000,0.000,0.0,0,no,no,0.000
eae0aed4d7ebdb69f31b479a11c61832,fake,4,4,4,0,0.3,0.3,4,1.000,1.000,0.500,0.2,1,no,no,0.000
ebc270eb2bb9894a6630dde557689725,fake,49,53,25,28,1376.2,33.8,49,0.925,0.472,0.038,1340.7,3,no,no,0.000
ebf07e1d5f5ad3f51c5e7f407d11a075,fake,2,1,1,0,1.0,1.0,1,1.000,1.000,1.000,0.0,1,no,no,0.000
ec4af39b46b8b477db532f075ac89a30,fake,3,2,2,0,299.3,299.3,1,0.000,1.000,0.500,231.2,2,no,no,0.000
eceaccf45233590c19bc9027047639ed,fake,3,2,1,1,800.2,800.2,1,0.500,0.500,0.500,790.9,2,no,no,0.000
eda8277c902d47584cd763da52f93054,fake,16,15,10,5,69.7,69.7,14,0.933,0.667,0.067,66.1,2,no,no,0.000
eda922f8faaeadeb36c511e23c99a202,fake,17796,18443,410,18033,1851.1,22.2,17861,0.968,0.022,0.000,752.8,25,yes,no,0.000
eeff519832f0725246b3235b1c36aec1,fake,266,275,1,274,146.4,21.6,269,0.978,0.004,0.011,56.7,5,no,no,0.000
ef50069f822077dee0f6c01ee3a9d6d9,fake,1,0,0,0,0.0,0.0,0,0.000,0.000,0.000,0.0,0,no,no,0.000
f03b82bbc348338a140724a62d0cf8ac,fake,1,0,0,0,0.0,0.0,0,0.000,0.000,0.000,0.0,0,no,no,0.000
f08627b71307d140c21e15ae43a99f77,fake,9,8,7,1,0.8,0.8,8,1.000,0.875,0.125,0.3,1,no,no,0.000
f158fcc0b0b9669e1922b453afa5630d,fake,2,1,1,0,3.0,3.0,1,1.000,1.000,1.000,0.0,1,no,no,0.000
f23cda9a428ad259991f64f0e7e5b25d,fake,7,6,4,2,29.5,29.5,5,0.833,0.667,0.167,28.3,2,no,no,0.000
f306fe8ccfd775faa428440e907098d5,fake,8,7,7,0,0.9,0.9,7,1.000,1.000,0.143,0.7,1,no,no,0.000
f4032a83df310ff1a662cbc5f5bd3e99,fake,13,13,11,2,5.4,5.4,13,1.000,0.846,0.077,2.0,1,no,no,0.000
f40b477a6acc6a6097b6399fb052f29b,fake,88,94,63,31,37.8,23.6,91,0.968,0.670,0.032,9.3,2,no,no,0.000
f43df435178ed6b3e48731e0ccb74b9d,fake,17,16,11,5,11.0,11.0,16,1.000,0.688,0.062,6.8,1,no,no,0.000
f4d710d42994cbbd27572c1bacd0ac74,fake,2,1,1,0,0.9,0.9,1,1.000,1.000,1.000,0.0,1,no,no,0.000
f4eceea0d114014225fd97febf6a0963,fake,1,0,0,0,0.0,0.0,0,0.000,0.000,0.000,0.0,0,no,no,0.000
f5b6993a1290148eafc56c005617dad9,fake,8,8,8,0,24.4,24.4,7,0.875,1.000,0.250,15.2,2,no,no,0.000
f67cc4d6ca509bbdada20a68b6da641d,fake,6,11,11,0,21.6,21.6,11,1.000,1.000,0.545,9.4,1,no,no,0.000
f6d063d7e92e0ef53402d4edef627975,fake,4,3,3,0,14.2,14.2,3,1.000,1.000,0.333,14.0,1,no,no,0.000
f76248e9b00c011df9941f5b88dfb88d,fake,17,16,10,6,1.4,1.4,16,1.000,0.625,0.062,1.1,1,no,no,0.000
f89ca9d10439faf88669de6c2d139a1f,fake,21,23,15,8,966.6,858.4,19,0.826,0.652,0.087,782.4,5,no,no,0.000
f951da69c42bbbff4cbd5179575a1dfd,fake,1,0,0,0,0.0,0.0,0,0.000,0.000,0.000,0.0,0,no,no,0.000
f9861d102cb87c3a91b0ed5dc8340926,fake,1,0,0,0,0.0,0.0,0,0.000,0.000,0.000,0.0,0,no,no,0.000
faa6a3d3ee32fa2605f9cf1546e4bcd8,fake,76,75,40,35,17.4,14.8,75,1.000,0.533,0.013,6.4,1,no,no,0.000
fba0c862e6ba2baf6f40fba3f93bfdd1,fake,3,2,0,2,32.2,32.2,1,0.500,0.000,0.500,31.3,2,no,no,0.000
fc310742d1e47a831f8b590240aa528a,fake,9,9,7,2,65.5,65.5,7,0.778,0.778,0.222,35.3,2,no,no,0.000
fdc5aa2d50800ef4aa099087c9e8bdcb,fake,1,0,0,0,0.0,0.0,0,0.000,0.000,0.000,0.0,0,no,no,0.000
fdd8605db87d7f2e7caa2834ff309726,fake,3,3,3,0,0.4,0.4,3,1.000,1.000,0.333,0.2,1,no,no,0.000
fea1a27b57ca2dc60ce4656dd2a42ebf,fake,1,0,0,0,0.0,0.0,0,0.000,0.000,0.000,0.0,0,no,no,0.000
fee76b951084219d91ca45f7b4f0c5da,fake,11,10,0,10,42.9,42.9,9,0.900,0.000,0.100,26.6,2,no,no,0.000
00970e529583ba55bc3bb2c4eff889df,real,186,390,174,216,670.9,19.6,382,0.979,0.446,0.518,373.7,6,no,no,0.000
0104a19f07009fcd33350fb681499296,real,717,5497,711,4786,4386.9,281.1,4269,0.050,0.129,0.866,333.4,103,no,no,0.000
011c94dd65440e462fdcbf70cab82c56,real,336,888,328,560,2419.6,16.1,870,0.980,0.369,0.616,1585.3,8,no,no,0.000
0124a257b093bc9a3e32c5c472f60348,real,235,658,223,435,308.0,22.9,633,0.962,0.339,0.637,110.5,7,no,no,0.000
0146c83eab810b0380fa4c27f409bdc4,real,868,2312,866,1446,3315.5,7.7,2282,0.987,0.375,0.618,1510.7,14,no,no,0.000
01745ad4d2a781c1f92e60822e2eb0cc,real,33,1385,11,1374,1770.5,9.5,1355,0.978,0.008,0.978,1280.6,7,no,no,0.000
017f4a8d28eb15abc169ffc862816e42,real,350,356,356,0,60.9,12.7,353,0.992,1.000,0.008,21.4,3,no,no,0.000
022012c3a40b424a85a6b0a2f9bf9726,real,2354,4487,2575,1912,1659.0,5.0,4449,0.992,0.574,0.422,946.7,9,yes,no,0.000
028434e36512978e8b42322e7ab54894,real,533,3329,728,2601,4257.0,3836.0,301,0.090,0.219,0.773,234.2,161,no,no,0.000
02998938742991553d7fa759237d30bf,real,361,1237,357,880,2916.2,12.2,1207,0.976,0.289,0.702,2273.7,8,no,no,0.000
02dce0975f6d25dbae2ed3b8f6225b35,real,448,955,449,506,217.5,13.2,943,0.987,0.470,0.526,135.0,4,no,no,0.000
030166873b080c33043bca321fd516ba,real,344,708,340,368,229.2,13.0,699,0.987,0.480,0.510,178.3,4,no,no,0.000
03281089043187e7fdf438c6432cd847,real,388,1602,396,1206,2831.8,8.4,1558,0.973,0.247,0.745,2634.6,10,no,no,0.000
0380de03311538733fccf1f01fabe122,real,2133,3991,2222,1769,4937.0,51.0,2204,0.311,0.557,0.439,3825.3,31,yes,no,0.000
03bac580084a6105f90b9b532c78ae33,real,2665,4490,2824,1666,3411.0,7.4,4421,0.985,0.629,0.367,2221.6,14,yes,no,0.000
0405afedcd05e7ffb97cff9ecd9944ac,real,772,1742,779,963,376.6,5.9,1726,0.991,0.447,0.546,199.6,5,no,no,0.000
043299d4cf24d062f2c9eaa2b1e2a55a,real,687,1424,679,745,1223.1,19.9,1373,0.964,0.477,0.513,520.8,11,no,no,0.000
0445ecf876f03bc08dbd4e8a9c96fe06,real,282,620,283,337,90.0,20.2,605,0.976,0.456,0.539,41.8,4,no,no,0.000
049976bb65c1fb58cc732b0b8e30ddeb,real,61,155,56,99,46.0,9.1,151,0.974,0.361,0.613,17.5,2,no,no,0.000
04fbcd0123b9d030364f35aa55c26301,real,341,617,341,276,39.8,9.9,610,0.989,0.553,0.436,7.1,2,no,no,0.000
05701d861939e1eb7dd050a77264316b,real,413,1172,400,772,2098.5,23.4,1119,0.955,0.341,0.643,717.6,21,no,no,0.000
05adc5a06b16aeebf6a384d08501ce39,real,1013,1801,1064,737,2014.5,43.3,1647,0.914,0.591,0.405,884.0,12,yes,no,0.000
05bcc291110387e5d588e3bc65fdd887,real,485,1021,484,537,326.0,14.7,1011,0.990,0.474,0.514,230.7,4,no,no,0.000
05fe118478c9ce91fa9572367d94c3d7,real,1600,4923,1758,3165,1525.5,61.9,4604,0.935,0.357,0.638,332.8,42,yes,no,0.000
06a706065b97850000ac8deca3d29ce1,real,1317,3675,1431,2244,2266.8,8.6,3588,0.976,0.389,0.609,1013.2,18,yes,no,0.000
06b0e3b01f4b3a7ced0825cb6d7067de,real,699,3464,707,2757,2472.8,65.7,3016,0.871,0.204,0.791,743.5,35,no,no,0.000
070812d491819012450e8c619105960e,real,115,486,99,387,1757.2,19.9,469,0.965,0.204,0.765,1569.8,7,no,no,0.000
071717b55d3525dd9f82ed78cd1e0848,real,2333,3390,2485,905,1218.2,7.6,3342,0.986,0.733,0.264,518.4,9,yes,no,0.000
07bab8d821f03bad19763e29380bf833,real,336,1049,322,727,3342.9,121.6,930,0.887,0.307,0.672,598.1,40,no,no,0.000
07c1fcb221789273d0f6e3f467914c9a,real,280,3413,280,3133,1819.9,12.1,3353,0.982,0.082,0.916,756.1,18,no,no,0.000
07c8ea531fbb2d78ccd85a4a169fddfb,real,313,319,319,0,75.4,7.8,316,0.991,1.000,0.006,22.2,4,no,no,0.000
07f0ae2a1103f80ee6ae6d64991c4690,real,651,6138,664,5474,5163.1,40.5,5720,0.932,0.108,0.888,1653.7,43,no,no,0.000
084254b845f38f6ba501aeeb1ef724d6,real,949,3714,957,2757,2168.8,17.9,3598,0.969,0.258,0.737,634.7,23,no,no,0.000
084b61e9842cb0e72b455a2d4b63e565,real,471,1804,460,1344,3458.1,36.4,1687,0.935,0.255,0.734,890.0,32,no,no,0.000
085bc1fd7812ff379df9f19d99641939,real,625,1593,641,952,1866.3,24.1,1508,0.949,0.402,0.590,1165.7,9,no,no,0.000
08619c3d786a88d457cbd2c64248ecc5,real,438,648,468,180,31.8,6.5,640,0.988,0.722,0.262,9.6,2,no,no,0.000
08cad0abeb19987a01b6c0fe70afdee5,real,752,2320,750,1570,1349.9,22.5,2220,0.957,0.323,0.666,768.9,14,no,no,0.000
08d9851d1f968348d5a979bc1327c217,real,196,360,188,172,48.8,18.4,356,0.989,0.522,0.428,17.4,3,no,no,0.000
08e65836ceb0163b3f9017ea4f3028bf,real,171,978,157,821,85.9,8.6,967,0.989,0.161,0.824,30.0,4,no,no,0.000
08f9305469cc14358dee4076da79e0da,real,472,1475,470,1005,1227.9,42.9,1096,0.743,0.319,0.669,342.6,16,no,no,0.000
090936d9449959c410064b2661fa659b,real,1887,5000,2027,2973,4854.8,13.6,4864,0.973,0.405,0.591,2095.5,30,yes,no,0.000
0953943432a97eb5732bbf3e27033e24,real,1581,2945,1721,1224,2056.4,8.9,2919,0.991,0.584,0.411,1794.0,6,yes,no,0.000
096b09be8425d610d6a1c22fd0c7f6ce,real,770,1166,761,405,73.0,17.6,1152,0.988,0.653,0.334,25.2,3,no,no,0.000
098b0ed850399036d798832a31e3aa2e,real,1170,1980,1317,663,1899.1,4.1,1966,0.993,0.665,0.334,1820.4,5,yes,no,0.000
09e6f35ac4e8ff0af08c82393645b265,real,393,800,400,400,91.3,12.6,794,0.993,0.500,0.495,32.3,4,no,no,0.000
09f30912f1460da3cd63760a3629224b,real,193,424,175,249,145.6,10.7,415,0.979,0.413,0.547,56.5,4,no,no,0.000
0a2a74e7545741188b5cfc6f0a57f2f9,real,18,1814,0,1814,1440.5,22.1,1742,0.960,0.000,0.991,505.9,16,no,no,0.000
0a30d8d0586e1b9d9412c66b0f637614,real,979,2241,1017,1224,1865.8,19.4,2146,0.958,0.454,0.538,462.0,21,no,no,0.000
0a82a7e544db194954dab992370f4d4d,real,592,1239,579,660,1059.5,11.5,1208,0.975,0.467,0.517,446.6,10,no,no,0.000
0abab3256d5dcf75b68087967dbab810,real,1001,2912,1062,1850,5082.6,18.6,2794,0.959,0.365,0.630,2116.7,29,yes,no,0.000
0ae494880d7a4bece7fa31ef1b82fee8,real,603,614,614,0,107.3,6.5,613,0.998,1.000,0.007,85.8,2,no,no,0.000
0b03648781940ac35eec9dfd26398db4,real,289,621,293,328,55.9,7.5,617,0.994,0.472,0.525,26.0,3,no,no,0.000
0b14c8038d1e0ab7c1261fcddfc7d8bb,real,446,1400,439,961,438.4,15.8,1381,0.987,0.314,0.679,343.9,5,no,no,0.000
0b38c2a368452f3fea234a34011d6578,real,106,196,100,96,60.3,16.8,194,0.990,0.510,0.454,25.8,3,no,no,0.000
0bd0edb3b8ad923401111858f7a1055a,real,595,1321,609,712,3217.0,9.4,1305,0.988,0.461,0.527,956.4,10,no,no,0.000
0c103569ee499e052efb5a111ea58fd2,real,481,1175,472,703,1261.7,22.0,1125,0.957,0.402,0.586,384.6,11,no,no,0.000
0c39541a0246dc670f99636e05df1195,real,282,3085,266,2819,3058.4,944.5,1724,0.081,0.086,0.907,167.8,94,no,no,0.000
0c583363dca9a0c7e69930df9cbd5968,real,900,2160,975,1185,4935.7,11.8,2121,0.982,0.451,0.544,1601.9,18,no,no,0.000
0c65210d552ae6d8e7cda7ecb489bbf9,real,379,1059,377,682,2292.6,28.7,995,0.940,0.356,0.633,937.6,12,no,no,0.000
0ccae47312203ea6aa95f6f8b208754e,real,529,1122,520,602,1248.5,19.1,1083,0.965,0.463,0.524,380.3,10,no,no,0.000
0cface00bd0a9a6b592b0a78b9851d19,real,512,1340,509,831,1002.0,12.4,1316,0.982,0.380,0.611,260.4,11,no,no,0.000
0d38996373994611fa0023cced0eeac2,real,912,5917,907,5010,3753.3,50.3,4502,0.762,0.153,0.843,603.1,58,no,no,0.000
0d5946ae81cdabee5105bf1a973075ca,real,1048,3230,1119,2111,1931.5,22.2,3124,0.967,0.346,0.649,1572.3,11,yes,no,0.000
0d7ffc0e84a909b9bfa20653392f954c,real,2399,7091,2599,4492,5838.2,32.8,3801,0.537,0.367,0.630,3190.0,47,yes,no,0.000
0e65f30cb12c2ecd651f1aa588536a45,real,622,2315,618,1697,3102.4,25.9,2078,0.898,0.267,0.728,2171.2,13,no,no,0.000
0e6c22fe1ef8e6a14fe3d81899b49911,real,1252,2595,1290,1305,1494.1,4.7,2582,0.995,0.497,0.497,1395.1,6,yes,no,0.000
0e85c5d27b612269af4710376d30a39e,real,379,1132,370,762,2171.0,26.5,1069,0.944,0.327,0.657,479.0,19,no,no,0.000
0e992f4b94d87f1b89fbb9c663b8cbb0,real,660,2088,660,1428,4037.2,74.0,1763,0.844,0.316,0.676,618.3,31,no,no,0.000
0ead0e1e4faa95f4a92ec9be4a35055d,real,384,390,390,0,32.9,5.8,388,0.995,1.000,0.005,12.0,2,no,no,0.000
0ec89bbc8ba4b018af343759584fb3c9,real,1,0,0,0,0.0,0.0,0,0.000,0.000,0.000,0.0,0,no,no,0.000
0ee9b9b9877c2b708e1c87b0890959ff,real,245,4287,224,4063,2123.8,11.8,4241,0.989,0.052,0.943,1037.9,12,no,no,0.000
0eed0f920c27e80b32c4bc2626fcce3f,real,715,5073,886,4187,3589.7,71.4,4095,0.807,0.175,0.823,949.5,30,no,no,0.000
0f03c7c3fad0ed78ed13a4f0d7ecb937,real,678,3763,671,3092,3062.8,88.9,2677,0.712,0.178,0.817,383.9,61,no,no,0.000
0f2341b0e0c73f39276afae834d5b038,real,260,539,255,284,205.4,39.8,456,0.846,0.473,0.512,89.5,6,no,no,0.000
0f6361a86ae302fea3bccf2165c4246d,real,163,283,153,130,94.0,17.1,277,0.979,0.541,0.396,47.4,3,no,no,0.000
0f9752a330a50e82c2ad6262f01c562b,real,145,1019,132,887,1733.5,21.5,980,0.963,0.130,0.858,454.0,12,no,no,0.000
0fab1d52740fe92f2f96f5a75df87ec0,real,71,327,57,270,512.2,7.4,323,0.988,0.174,0.789,386.6,5,no,no,0.000
0fea154e570e45ebddf24317fd769931,real,611,2859,612,2247,1734.0,27.7,2667,0.933,0.214,0.779,858.5,20,no,no,0.000
102f7177f1653e8b692234b5506c2e6d,real,312,784,308,476,1658.8,16.0,771,0.983,0.393,0.599,1098.9,6,no,no,0.000
11114a4f7ff4b33e8fff09f1101bb4c1,real,371,760,365,395,475.6,24.5,721,0.949,0.480,0.503,308.7,8,no,no,0.000
111258a022da0277e0ac634e6e6bb1c8,real,2461,3484,2717,767,1396.6,5.4,3468,0.995,0.780,0.219,1193.3,6,yes,no,0.000
117d6709bb99784afe72f650f9d0f49d,real,340,753,330,423,247.8,18.8,733,0.973,0.438,0.543,79.0,7,no,no,0.000
11bf1333c66138c34bafc8e3bab080ab,real,2335,3300,2504,796,1453.7,15.7,3259,0.988,0.759,0.238,1172.8,8,yes,no,0.000
121b8b352830a4a7cf939739ac5c31fa,real,89,2277,84,2193,2498.0,16.9,2233,0.981,0.037,0.960,1603.5,16,no,no,0.000
1247339ffc92ae66cb653cbc6cbf4df2,real,771,1712,778,934,93.2,6.1,1697,0.992,0.454,0.539,19.2,4,no,no,0.000
1252a3d10feeb403c4fc5d88c0adfe8f,real,249,601,237,364,1576.5,19.2,579,0.963,0.394,0.579,1182.7,10,no,no,0.000
12773e0a61d3ff9ae3ef3449a7ba11d8,real,259,506,252,254,73.6,25.3,480,0.949,0.498,0.490,10.8,4,no,no,0.000
12789b30f2e371251f554f6b04c5bc05,real,277,963,268,695,2826.8,118.2,844,0.876,0.278,0.705,1009.7,36,no,no,0.000
127c3020a506a880c1dea637612b7bab,real,281,283,283,0,40.0,8.0,282,0.996,1.000,0.007,16.1,2,no,no,0.000
1282d45cebae5af5627bb87bfa6c4c7f,real,507,1387,500,887,387.4,19.7,1348,0.972,0.360,0.630,118.2,10,no,no,0.000
1297fa9d6421491580cd1f6c085f16d9,real,12,579,0,579,796.6,15.5,567,0.979,0.000,0.979,555.4,5,no,no,0.000
12a99f2077dc3eef07e2d27b725357de,real,37,3146,15,3131,1463.0,17.1,3037,0.965,0.005,0.988,319.6,20,no,no,0.000
1316f0c5d675b44a3bead5b4b60e4ad3,real,1026,1737,1054,683,228.8,5.7,1717,0.988,0.607,0.385,121.7,6,yes,no,0.000
135717b6bf9fe28b48bc78a01428bddc,real,299,706,284,422,1066.3,14.1,700,0.992,0.402,0.568,941.9,6,no,no,0.000
13d3cd7cdc8174ddcf4ad93fa20a9dcf,real,571,1448,567,881,5400.7,15.1,1422,0.982,0.392,0.602,3511.2,11,no,no,0.000
1415baa53c42684a09f937918f7b1afe,real,498,1351,502,849,2783.3,23.2,1284,0.950,0.372,0.616,1235.0,19,no,no,0.000
1481546a6e7342abe8aedd75630ec4f5,real,29,101,26,75,41.1,21.1,97,0.960,0.257,0.713,12.1,2,no,no,0.000
14892f713e5099fbc24f39a8a1f76101,real,1588,5475,1715,3760,3755.9,11.8,5337,0.975,0.313,0.683,1911.0,18,yes,no,0.000
14e0dea79a16189c2d42cd17a61f886b,real,1158,1736,1201,535,367.6,6.3,1730,0.997,0.692,0.306,279.9,5,yes,no,0.000
1528300d91135048ff1cb1ad9bf0ddd2,real,1439,5626,1458,4168,3421.9,14.7,5449,0.969,0.259,0.737,969.6,36,yes,no,0.000
15395fad4e7cdbad392872190dbcea03,real,277,477,276,201,57.4,8.5,472,0.990,0.579,0.407,17.1,3,no,no,0.000
15607a0ae6f8595247b6b052a9755729,real,761,1727,762,965,3920.9,24.0,1640,0.950,0.441,0.549,1712.9,19,no,no,0.000
158d1d7a0e9e4640b221709daa970010,real,240,2094,235,1859,554.0,10.5,2050,0.979,0.112,0.881,371.0,9,no,no,0.000
15b8812fd1ecc608175ec3ea81bce424,real,613,1329,630,699,78.7,6.5,1318,0.992,0.474,0.523,14.7,4,no,no,0.000
15cd01e2664802fabb2fd845bf5d2a65,real,238,668,230,438,315.2,8.8,655,0.981,0.344,0.641,76.5,9,no,no,0.000
15d481a1cf74e2a8ab32e0931aed593b,real,595,941,596,345,53.7,5.8,934,0.993,0.633,0.350,16.0,3,no,no,0.000
161cbfd605422b815ec6fd238f065387,real,1112,2489,1201,1288,4091.8,14.7,2405,0.966,0.483,0.511,2347.1,16,yes,no,0.000
162a67f654c7d9092b60ceb7a0fd5d2d,real,105,187,98,89,31.2,19.9,181,0.968,0.524,0.433,4.3,2,no,no,0.000
162b125f6fcd3079c23e6a63d8c9eefa,real,939,5354,949,4405,2056.4,23.3,5107,0.954,0.177,0.820,647.5,26,no,no,0.000
1656920cd6d01173baa3c67e4b21bc6f,real,1173,4819,1243,3576,3560.8,18.8,4652,0.965,0.258,0.738,607.7,26,yes,no,0.000
166da62888a8e6424451ccaf05aad0f4,real,311,616,310,306,94.5,18.9,595,0.966,0.503,0.485,24.0,4,no,no,0.000
16b44cb1c938638c7faa99ffb1da14da,real,727,2051,716,1335,3831.7,37.4,1886,0.920,0.349,0.641,935.4,27,no,no,0.000
1702787b27dfe9063b785eb30b00d824,real,274,1916,256,1660,2585.2,29.2,1771,0.924,0.134,0.854,1963.9,16,no,no,0.000
17110cb039c592700b48a9ea277417b4,real,466,1094,458,636,345.8,13.7,1079,0.986,0.419,0.575,189.1,7,no,no,0.000
178538bc36f9325ec0f3033872fdbdc6,real,1262,3350,1364,1986,2362.7,18.3,3204,0.956,0.407,0.586,591.0,16,yes,no,0.000
179b1a88a40c09f029de97a3e3a878d1,real,1235,2270,1351,919,1697.4,11.3,2228,0.981,0.595,0.399,865.1,12,yes,no,0.000
17b2359c83314a70a0ec414b4782ed14,real,874,2363,886,1477,244.1,12.2,2313,0.979,0.375,0.621,123.8,7,no,no,0.000
17d2e18b1aa0186657d24e101207b461,real,661,1793,649,1144,156.0,20.2,1736,0.968,0.362,0.626,29.6,7,no,no,0.000
17fb99f8aad5297c21b6e0c49ff2993b,real,911,3871,903,2968,4280.4,21.3,3726,0.963,0.233,0.763,2377.4,11,no,no,0.000
183b7ca484927eea8c40a3816706afd7,real,326,876,321,555,793.7,11.4,855,0.976,0.366,0.624,595.3,6,no,no,0.000
18bb6b812f065af2317cb7167e48b58d,real,344,701,336,365,2283.4,14.7,686,0.979,0.479,0.505,1675.1,11,no,no,0.000
18ce5bd629e9f36e7002f47ae20f8e35,real,482,2611,476,2135,206.4,22.4,2541,0.974,0.182,0.814,48.0,8,no,no,0.000
197cfb7a238b84e68ae26b4153529cbc,real,305,741,301,440,96.3,42.1,670,0.904,0.406,0.587,13.1,5,no,no,0.000
19a0de4467815e4f00156d7051cea3c3,real,330,1205,314,891,2385.3,27.1,1066,0.885,0.261,0.724,639.2,24,no,no,0.000
19a6b21289145578e5df5a0ee932f402,real,755,1542,751,791,534.0,32.6,953,0.618,0.487,0.505,338.8,8,no,no,0.000
19e1cc1ba2b666bf5d2a1c4c00e4eb6c,real,593,2315,587,1728,3664.0,15.4,2222,0.960,0.254,0.740,2210.7,12,no,no,0.000
19e25f24c618d228ae5f50024a6badca,real,111,207,112,95,46.6,8.5,204,0.986,0.541,0.454,11.0,2,no,no,0.000
19eb7906d4dff6ed619a4e93dbef98a4,real,168,359,159,200,385.9,18.2,352,0.981,0.443,0.524,249.8,4,no,no,0.000
1a2a810d9909f71e2df4131d4c240c09,real,3151,8738,3673,5065,4066.4,13.5,8402,0.962,0.420,0.577,1869.8,41,yes,no,0.000
1a86aa9f766fb54ed4da6c4feedd0536,real,253,460,248,212,71.5,8.0,455,0.989,0.539,0.437,23.6,3,no,no,0.000
1ad647578b2826bb40a5c904fc7d8e79,real,154,1508,147,1361,2523.2,10.8,1469,0.974,0.097,0.896,617.0,14,no,no,0.000
1aef52da94796806c01be5b983f313b6,real,258,534,259,275,338.5,24.4,507,0.949,0.485,0.506,265.9,5,no,no,0.000
1b4ab70cb376ca4b929d22ecf51057b6,real,1485,3305,1543,1762,3763.1,24.8,3095,0.936,0.467,0.531,1233.7,20,yes,no,0.000
1b73940d9a66703a0fa0e6c149fe401f,real,183,709,172,537,139.2,19.2,685,0.966,0.243,0.740,18.6,6,no,no,0.000
1ba2a3e2e66a71acca4dd7c9f8511c5b,real,565,1223,557,666,1912.4,67.9,1072,0.877,0.455,0.531,708.5,18,no,no,0.000
1bb1827d713cce84148d6264f15f1832,real,448,1597,433,1164,3098.5,23.5,1520,0.952,0.271,0.716,1586.6,15,no,no,0.000
1bb9e95ca9951a82b324574f21305890,real,542,1563,541,1022,3373.7,20.4,1500,0.960,0.346,0.643,1125.9,31,no,no,0.000
1bc1474cd9bd7b38c3d6ebb7c4e5230b,real,1641,5238,1760,3478,2249.8,22.7,5062,0.967,0.336,0.662,670.3,15,yes,no,0.000
1bf846defe876505ca2aaa8e57865faf,real,443,1398,430,968,2976.7,22.4,1331,0.952,0.308,0.679,1737.0,17,no,no,0.000
1c40e79d40e7d1d52525d613204c9550,real,1830,3486,1886,1600,1641.1,7.5,3410,0.978,0.541,0.458,407.1,17,yes,no,0.000
1cc7eeaeeda214040396dc68f7896ca6,real,310,773,303,470,93.2,16.2,757,0.979,0.392,0.594,28.0,4,no,no,0.000
1cdef76b7187fe83d2ba26b0369d945a,real,40,113,38,75,164.7,20.7,112,0.991,0.336,0.655,142.8,2,no,no,0.000
1d31a2c7ed01693de676e1401d2608ce,real,123,244,120,124,47.2,5.2,240,0.984,0.492,0.496,18.8,2,no,no,0.000
1def46e64ebae2c2a6f41917133ff244,real,338,1813,334,1479,4028.8,31.2,1708,0.942,0.184,0.809,1089.8,24,no,no,0.000
1e09846d0634d58d71f6a5b2ed5c463c,real,572,1361,573,788,963.0,14.9,1323,0.972,0.421,0.573,783.9,6,no,no,0.000
1e2724e760b6b01c6c9beea0fb08261d,real,1979,3126,2099,1027,1272.0,17.6,3090,0.988,0.671,0.323,543.3,15,yes,no,0.000
1e43c751ab350aa0327dec453b778197,real,209,608,193,415,48.0,6.0,604,0.993,0.317,0.658,19.0,2,no,no,0.000
1e56017b4d5cdff6604a4f52fe037da4,real,1740,3679,1937,1742,415.8,20.7,3522,0.957,0.527,0.469,104.1,13,yes,no,0.000
1e7dd483db4b58d9caac676296c726e8,real,239,533,234,299,606.0,32.0,496,0.931,0.439,0.542,462.6,5,no,no,0.000
1e93bb8a65b22d02aa2a827c693750b5,real,177,512,173,339,70.0,7.8,507,0.990,0.338,0.650,21.3,3,no,no,0.000
1eaad9563fb9296a58572533a1c9deab,real,1426,2618,1646,972,1542.3,84.0,2270,0.867,0.629,0.364,268.0,37,yes,no,0.000
1ed23aa6e62d56512a2dd75c8b3bd7d5,real,434,1745,435,1310,2378.9,14.3,1684,0.965,0.249,0.742,2138.0,10,no,no,0.000
1f1c2d6c61732d7f9d5492eaa5b8f720,real,191,415,181,234,884.1,16.1,410,0.988,0.436,0.535,838.3,3,no,no,0.000
1f6368c57a69db51366471c8408c0f3c,real,270,489,274,215,54.0,7.8,485,0.992,0.560,0.434,15.9,3,no,no,0.000
1fadb8486ac68ae214df0b835e938ed3,real,116,408,103,305,815.0,15.2,399,0.978,0.252,0.713,636.9,5,no,no,0.000
1fba57ce644f150761369541b6e85299,real,249,437,236,201,81.2,11.1,427,0.977,0.540,0.421,17.3,4,no,no,0.000
1fe4aec7d31b20dfab6cb889351130f5,real,837,2459,860,1599,2488.6,48.8,2286,0.930,0.350,0.640,1703.1,21,no,no,0.000
2005ddea79a34bca100824e217aa3db8,real,340,1882,331,1551,3795.1,24.2,1784,0.948,0.176,0.816,1200.2,17,no,no,0.000
201b710e187abd0ca82166936e4384e6,real,688,5793,706,5087,3719.3,28.2,5435,0.939,0.122,0.875,1811.4,34,no,no,0.000
2042dcd5fb89819171ca58bc35a88cfc,real,552,1801,547,1254,328.1,16.8,1775,0.986,0.304,0.691,132.1,9,no,no,0.000
20f5a7b1737acc7353103bf09da48169,real,240,413,255,158,92.3,20.1,406,0.983,0.617,0.366,34.1,3,no,no,0.000
21063600307d262269583835c29873a5,real,118,1390,104,1286,1337.2,20.4,1330,0.958,0.075,0.914,176.2,25,no,no,0.000
2116aa9816dd1bf598ce716c99f667d9,real,535,1530,536,994,68.9,7.5,1518,0.992,0.350,0.644,17.9,3,no,no,0.000
21636a8e163fa9006bd14a99dddc2cc0,real,387,810,380,430,1346.2,17.6,784,0.968,0.469,0.512,507.8,11,no,no,0.000
2171ce45556b4bc0ea7a32b7a6f9b24d,real,665,1682,685,997,976.9,57.0,1504,0.894,0.407,0.581,338.0,14,no,no,0.000
218a1032ca4cff5dfb87c377bd440319,real,141,553,134,419,1085.4,16.8,540,0.976,0.242,0.745,485.2,10,no,no,0.000
218a220049f628069ee454355a8bd0c4,real,3152,5017,3292,1725,1064.2,11.2,4956,0.988,0.656,0.342,731.5,10,yes,no,0.000
21a26d8cdb9d659085f40b4a97a309f8,real,510,3076,502,2574,3391.7,8.7,2981,0.969,0.163,0.833,678.1,30,no,no,0.000
2206a3e84d52c3fef3c8d85b03ff27d7,real,249,582,241,341,275.0,24.9,552,0.948,0.414,0.565,79.2,8,no,no,0.000
221018539bc975012d48415f0d2d7652,real,99,177,88,89,28.9,9.2,176,0.994,0.497,0.429,9.4,2,no,no,0.000
2213bf92396b2a9df0ee1bae7d958cf9,real,321,698,317,381,160.2,12.2,691,0.990,0.454,0.543,122.2,3,no,no,0.000
224425bda6878636c8d8bfeb70bf2879,real,1361,3811,1391,2420,2315.2,23.4,3718,0.976,0.365,0.631,1197.0,14,yes,no,0.000
226a948b42e10a7f3e73ec236ec2c1c0,real,146,2055,132,1923,3093.2,35.2,1733,0.845,0.064,0.929,1431.8,15,no,no,0.000
2304a9b41d92d8e180141885d9758add,real,1980,4491,2165,2326,3745.9,22.9,4325,0.963,0.482,0.513,2197.3,17,yes,no,0.000
2305ee9e960485869460c38ab72fac89,real,898,1837,907,930,853.5,13.1,1802,0.981,0.494,0.503,445.6,8,no,no,0.000
2321aeadc4d346bfd0e14c689a760161,real,312,607,301,306,2507.9,7.8,594,0.979,0.496,0.479,1726.1,7,no,yes,0.000
2345c1eb7f69f598e50870fa5ad40c56,real,2257,6555,2361,4194,4155.2,27.7,6033,0.921,0.360,0.637,1383.7,29,yes,no,0.000
235ad5777d468a17609c4fc7b1b24752,real,57,2081,43,2038,622.1,15.2,2015,0.968,0.021,0.971,126.5,16,no,no,0.000
238b6e950e1b7350c2736bb2bece54ad,real,618,3343,601,2742,4095.7,32.2,3135,0.938,0.180,0.813,1175.8,42,no,no,0.000
239be38c75395ebb0ba57dc6fc9e4a8b,real,100,1013,90,923,332.2,28.9,957,0.945,0.089,0.891,50.0,12,no,no,0.000
239d13a20d459a11093b66cff710a47e,real,58,633,45,588,756.5,11.1,611,0.965,0.071,0.908,614.3,5,no,no,0.000
23b58c490603bfa6b0592677dbef6ae8,real,352,843,360,483,1753.2,23.9,801,0.950,0.427,0.566,1086.1,11,no,no,0.000
253928ef7a98b4b7808e74eb1b326c5b,real,241,523,242,281,1489.5,6.6,516,0.987,0.463,0.530,1008.8,4,no,no,0.000
25c18ae59eff0316fb02585d5591656a,real,2249,6996,2419,4577,5715.0,1537.1,3537,0.298,0.346,0.652,192.5,161,yes,no,0.000
25d42e0f75466ccb8d50248ec4514132,real,1165,4199,1171,3028,4476.3,25.6,3976,0.947,0.279,0.716,2106.9,42,yes,no,0.000
25e9746214d9985ec1c9764ce3fd0a3d,real,427,1043,420,623,3168.8,43.0,950,0.911,0.403,0.584,1630.0,15,no,no,0.000
2600f08b9f7e75746f6210c84e43a581,real,727,1773,726,1047,2748.5,16.9,1718,0.970,0.409,0.582,2075.6,15,no,no,0.000
260dcc311b9b7f58403fe67bb6afe10e,real,283,957,269,688,2225.4,134.6,856,0.894,0.281,0.696,691.1,30,no,no,0.000
263f33b82f62b56ca32c5c0647caca92,real,298,773,299,474,387.7,15.1,756,0.978,0.387,0.608,293.4,5,no,no,0.000
26420fdd7d64de52869d23d4ad157c51,real,296,7482,283,7199,1703.2,11.9,7404,0.990,0.038,0.960,795.3,16,no,no,0.000
267649bf9fa27bd718ff2314422b6c54,real,355,476,348,128,94.8,7.2,472,0.992,0.731,0.235,54.6,3,no,no,0.000
26bac6e5ec0f72e1e67269a2e6793fcb,real,4952,7745,5287,2458,502.7,5.5,7683,0.992,0.683,0.315,234.3,12,yes,no,0.000
26c8d4099b95906cc8797ee562904596,real,376,851,380,471,1793.9,24.0,809,0.951,0.447,0.546,1472.7,7,no,no,0.000
273d6255818905b950ba3acbe55b8c74,real,592,2110,585,1525,564.0,65.7,1905,0.903,0.277,0.715,76.2,21,no,no,0.000
273ebbe563cd347aded4f7897f64ce81,real,353,773,349,424,685.8,11.7,765,0.990,0.451,0.539,415.4,6,no,no,0.000
279b88f084ed9d86b1fda55773445dec,real,398,1097,412,685,222.2,26.0,1025,0.934,0.376,0.615,42.9,9,no,no,0.000
279edfa6eceb91576b62dba2b67d2a70,real,685,1915,690,1225,430.7,14.5,1870,0.977,0.360,0.631,103.9,13,no,no,0.000
27c042201a16a503a850b146e7446eb1,real,479,1425,466,959,2719.5,25.0,1349,0.947,0.327,0.660,766.0,15,no,no,0.000
27e43b7ff12dc024e1d56cff4a9e0d1c,real,719,2533,708,1825,4174.4,40.7,2377,0.938,0.280,0.714,1088.9,40,no,no,0.000
27fe71320a81423fdbe52600097f3fe8,real,590,1897,598,1299,4994.7,56.3,1707,0.900,0.315,0.674,1876.3,31,no,no,0.000
280eb3e97a94a00a72f1e1a421e5c054,real,1352,3388,1453,1935,1100.7,27.9,3148,0.929,0.429,0.565,388.2,17,yes,no,0.000
2848370ffae4c2ce51a53da1b9a8df41,real,1756,3340,2007,1333,1756.3,47.5,2053,0.363,0.601,0.393,685.2,21,yes,no,0.000
2861280e460aebf2d0e29eb4bd31c3c5,real,669,2752,671,2081,612.0,90.2,1855,0.674,0.244,0.754,147.7,17,no,no,0.000
287c5b3b246a94a55eb752b7e24ebdc3,real,173,857,169,688,3519.9,36.2,802,0.936,0.197,0.789,999.8,21,no,no,0.000
28c787c73a1f712886762910da0714ec,real,363,1059,359,700,1000.5,46.6,962,0.909,0.339,0.644,195.8,18,no,no,0.000
28e8e53d1607a930831efb66d9c3f34d,real,272,697,268,429,289.6,23.2,665,0.954,0.385,0.600,98.1,8,no,no,0.000
2989ad21506bad72c8d3da297e140d50,real,3290,7773,3424,4349,4608.4,13.8,7642,0.983,0.440,0.557,1451.2,27,yes,no,0.000
29dda87cb8d7f7a33f6c13e4f7e3f9b9,real,1814,3018,2043,975,1284.0,5.6,2986,0.989,0.677,0.320,596.0,9,yes,no,0.000
29f2d733827078211d279b9fca0bd618,real,51,1588,29,1559,818.1,47.9,1471,0.926,0.018,0.969,295.6,15,no,no,0.000
29fb6cc14cfa6ca9764145053f19c173,real,436,894,442,452,461.8,26.0,848,0.949,0.494,0.501,279.0,8,no,no,0.000
2a1cc758f3196fa7de9ffeca074de85f,real,326,698,326,372,2121.0,26.9,645,0.924,0.467,0.516,1583.3,7,no,no,0.000
2a1d581882dc77b1ffe683a98e50ffd2,real,138,218,141,77,62.1,16.5,215,0.986,0.647,0.344,20.0,3,no,no,0.000
2a24366648e59510c2cfc691f400b945,real,364,810,360,450,104.7,8.6,800,0.988,0.444,0.543,23.6,5,no,no,0.000
2a2726882e12428b99daf0d84b9b9202,real,2094,4305,2295,2010,1218.8,11.7,4242,0.985,0.533,0.465,492.1,16,yes,no,0.000
2a65c4cc826d67f48839a10d24482b56,real,1296,2124,1407,717,2972.1,8.3,2117,0.997,0.662,0.333,2777.8,4,yes,no,0.000
2a765f80cdbe1f9e7b820896cd2f0266,real,319,529,323,206,50.2,8.9,526,0.994,0.611,0.386,20.7,3,no,no,0.000
2a819ec928444d9653b658ea91e1a011,real,678,1511,691,820,1652.0,16.7,1472,0.974,0.457,0.531,1498.0,8,no,no,0.000
2aa13330abe3020ca78f059341f9ec9b,real,229,1205,222,983,2594.2,22.8,1182,0.981,0.184,0.807,2362.3,7,no,no,0.000
2aa455c0837d888ef236bc10ecf97de7,real,252,380,238,142,67.4,15.8,374,0.984,0.626,0.334,15.3,3,no,no,0.000
2aaf51b7de4c5504c0940343098ba511,real,309,553,310,243,93.5,22.8,539,0.975,0.561,0.429,35.5,4,no,no,0.000
2ab6e549eff4dfe88a06f3e9ecfed5ef,real,540,1252,535,717,1510.3,19.6,1221,0.975,0.427,0.563,427.3,12,no,no,0.000
2ac9fd4240a95b417c1b896382306dd4,real,72,454,70,384,220.3,15.2,445,0.980,0.154,0.839,174.8,3,no,no,0.000
2acfb591246601a954b5671ae977bdb7,real,213,457,209,248,243.6,13.7,438,0.958,0.457,0.505,164.0,5,no,no,0.000
2adaf1a603fdbb535deaee24f4745e43,real,343,571,331,240,73.0,9.4,566,0.991,0.580,0.392,36.5,3,no,no,0.000
2adb983e63266cf200a10c874786dff9,real,593,1282,611,671,1211.9,45.7,1140,0.890,0.477,0.514,838.4,10,no,no,0.000
2addc4687bdf4a030af1c89631fb7aa8,real,97,178,94,84,45.8,15.4,176,0.989,0.528,0.466,21.1,2,no,no,0.000
2b258330e8d16d3f877cd873a0b450f0,real,419,867,415,452,604.5,25.1,818,0.943,0.479,0.510,433.9,9,no,no,0.000
2b710b8413c7ff50c21cefaa4c85f204,real,577,1324,571,753,698.1,16.7,1298,0.980,0.431,0.559,327.1,7,no,no,0.000
2ba8a4f811f729bf17f922b63bd1dcc4,real,558,2326,568,1758,3278.1,39.8,2150,0.925,0.244,0.748,828.2,15,no,no,0.000
2c56c2810261b300796da4ec6699277f,real,25,296,11,285,698.6,56.3,271,0.916,0.037,0.912,279.6,8,no,no,0.000
2c811edde25b0cfe656cb8e244b7a3ef,real,1341,4345,1421,2924,1085.5,25.8,4064,0.935,0.327,0.670,386.3,12,yes,no,0.000
2cad5f8ddfa4009e1553b9a6eaa5ce28,real,83,196,76,120,89.4,17.8,193,0.985,0.388,0.587,41.1,4,no,no,0.000
2cc70e3d1e75dbd9e1b6046365c63b59,real,2900,3038,3038,0,490.1,15.9,2974,0.979,1.000,0.002,305.7,9,yes,no,0.000
2d0428f211935b14efe48813d797dfb7,real,143,484,126,358,641.1,22.2,460,0.950,0.260,0.707,314.8,11,no,no,0.000
2d053b7ee23da60814820cc51537ca2a,real,1768,3571,1971,1600,2722.3,16.6,3471,0.972,0.552,0.446,1517.6,14,yes,no,0.000
2db1957bbc02a497e1ae558074a920e5,real,2943,6881,3171,3710,2783.3,17.9,6723,0.977,0.461,0.536,806.6,25,yes,no,0.000
2dd116e8ba4ceff7d2b8308a11e1c435,real,401,900,404,496,1033.2,8.4,892,0.991,0.449,0.546,583.7,6,no,no,0.000
2e13f0958a05c7b248903fdf114251ac,real,34,33,33,0,0.1,0.1,33,1.000,1.000,0.030,0.0,1,no,no,0.000
2e1c9ef95afa7a968d2e5eeda6f7c512,real,380,918,372,546,3785.0,18.3,885,0.964,0.405,0.574,2880.3,15,no,no,0.000
2e5b81ec4756fe6580b86472ee4960df,real,38,3107,14,3093,2484.8,32.8,2171,0.700,0.005,0.988,1347.8,19,no,no,0.000
2e7754910af73f876aadb3d50787fc69,real,70,408,66,342,767.3,23.7,390,0.956,0.162,0.833,562.5,7,no,no,0.000
2eacf84171fe4e95142268d4eb1a00ab,real,738,2436,743,1693,4737.2,11.7,2358,0.968,0.305,0.690,1063.3,24,no,no,0.000
2eea48d30683d1bfe454bd7c992ae0c1,real,242,1810,220,1590,845.8,21.5,1744,0.964,0.122,0.866,315.3,12,no,no,0.000
2f2b7a6243cc3f08255963ef569c6728,real,248,560,240,320,936.8,72.7,523,0.934,0.429,0.546,482.4,9,no,no,0.000
2f2f801f4b64aea7991138d65b819876,real,683,1841,668,1173,271.9,9.4,1802,0.979,0.363,0.627,75.0,9,no,no,0.000
2f9822af51a67afb54ae843531f761bf,real,281,469,270,199,40.4,15.4,468,0.998,0.576,0.388,17.3,2,no,no,0.000
30074fa76b232edf6a8aa47f111fd423,real,163,347,153,194,2017.6,8.2,338,0.974,0.441,0.527,1351.8,5,no,no,0.000
3036d7e4e5dfe9d84121dddc69aa4a86,real,427,1056,416,640,1084.9,21.4,1017,0.963,0.394,0.591,422.1,13,no,no,0.000
305683602b1f9357a05e61361aa9c925,real,261,537,261,276,2959.4,17.4,528,0.983,0.486,0.507,2840.6,6,no,no,0.000
3078cb45d91f2c5f54ffefda90bd00db,real,2071,4094,2332,1762,2966.3,8.5,4056,0.991,0.570,0.430,2516.0,10,yes,no,0.000
309260b760a3905c8a78ac160275d25f,real,125,259,119,140,888.8,19.4,249,0.961,0.459,0.502,820.2,4,no,no,0.000
30bb50c7e2134ed1787ee122b97bf6d9,real,722,1649,740,909,2930.4,27.4,1547,0.939,0.449,0.540,1273.1,19,no,no,0.000
30fbeef2d3b9543201d9297655638d43,real,796,2895,799,2096,1342.4,31.1,2718,0.939,0.276,0.719,273.6,17,no,no,0.000
3134d54bdad02876241ccb24afeff3b0,real,284,714,276,438,252.8,12.5,701,0.982,0.387,0.602,153.7,5,no,no,0.000
314e04453eef66440144da918d7e5809,real,568,2243,577,1666,2416.5,24.8,2113,0.942,0.257,0.740,1378.6,19,no,no,0.000
315c66a81421305aa018619c126409ec,real,294,614,291,323,1052.9,27.9,579,0.943,0.474,0.507,568.0,12,no,no,0.000
317155d9e3f5802960c0999074b34f5f,real,719,1467,712,755,1028.4,21.1,1401,0.955,0.485,0.505,213.5,14,no,no,0.000
31d0cb17f5f002a76240b85bb3e3152a,real,1023,1459,1035,424,907.5,22.8,1390,0.953,0.709,0.284,665.7,8,yes,no,0.000
31dc22213e5d3b9cf720c7364f76a410,real,686,1578,680,898,904.3,17.9,1514,0.961,0.431,0.558,387.8,14,no,no,0.000
3216d567b3d4ac6948624d09f7ac968d,real,1302,3129,1407,1722,813.0,87.0,2762,0.883,0.450,0.545,374.7,17,yes,no,0.000
32234c192f80d782e419c3b14258973e,real,974,5470,970,4500,1465.7,36.4,5121,0.936,0.177,0.819,728.4,18,no,no,0.000
3235c67bcac980c2e9a45e038dd0162e,real,666,5317,648,4669,3578.3,31.2,4588,0.864,0.122,0.873,3003.1,12,no,no,0.000
3250c4f6abe58233dbeca825fff5fd20,real,1433,2711,1573,1138,399.1,7.3,2693,0.993,0.580,0.415,193.4,8,yes,no,0.000
3253b332cd3d6adb98a573d0a9766d5c,real,338,1015,332,683,1413.2,22.1,981,0.967,0.327,0.663,661.2,9,no,no,0.000
325c64b042b0f862751187fcc6a8aaf9,real,1951,4895,2192,2703,4207.4,20.1,4704,0.961,0.448,0.550,1243.4,31,yes,no,0.000
328a7f73681a2a4afe7e98e03da34e9b,real,490,2144,496,1648,1828.9,15.0,2077,0.969,0.231,0.760,531.3,14,no,no,0.000
32a3b0b4da44e7b8a90ede02f83830c0,real,345,654,354,300,61.0,8.6,650,0.994,0.541,0.456,22.3,3,no,no,0.000
32aa6499429856254de895292816f1e2,real,317,324,324,0,163.9,23.4,308,0.951,1.000,0.009,46.3,6,no,no,0.000
32bfc4f03b486204258bffbbd7edf695,real,360,3017,353,2664,3177.6,24.6,2838,0.941,0.117,0.878,981.7,32,no,no,0.000
32fa81cb93e3229d724e556eeee8e33e,real,710,1915,711,1204,2293.6,20.9,1845,0.963,0.371,0.617,2029.2,10,no,no,0.000
3302d3e98bddae8dbf4eb824aaa52aa8,real,262,593,258,335,821.2,21.6,575,0.970,0.435,0.546,523.2,7,no,no,0.000
3326abc15bc60514f7fc481107b1a0c0,real,461,942,447,495,1657.3,24.9,892,0.947,0.475,0.506,841.0,12,no,no,0.000
3345b44293d3a184517ee4ccb37a549c,real,332,877,325,552,527.6,46.7,700,0.798,0.371,0.608,412.2,6,no,no,0.000
338256e9db5cebc4447d0b630660c58f,real,466,2082,469,1613,216.3,15.8,2046,0.983,0.225,0.769,52.1,8,no,no,0.000
33c5ae14424f48f3437518a256a55ef3,real,384,1094,377,717,149.9,26.1,1029,0.941,0.345,0.647,19.1,7,no,no,0.000
34173f44bed02a92bf8f65f3025a9be6,real,1443,3148,1462,1686,1996.8,11.5,3114,0.989,0.464,0.532,1000.7,10,yes,no,0.000
343d7735f93246baf50ed6def056bb46,real,945,4264,949,3315,3000.4,17.4,4207,0.987,0.223,0.775,1362.7,11,no,no,0.000
346c161fd4def3e9d3b71c6936c16bee,real,23,145,16,129,1129.5,39.1,133,0.917,0.110,0.855,712.5,7,no,no,0.000
353195c192b6725bf8882e37213d90ae,real,571,1141,569,572,3857.6,7.3,1129,0.989,0.499,0.487,2823.8,7,no,yes,0.000
35653674fa12a781d76deb2d17d39988,real,3227,4544,3382,1162,1347.7,7.0,4491,0.988,0.744,0.253,603.8,10,yes,no,0.000
35d5a9136fb49deadf8ee92be89f2212,real,911,2601,905,1696,2023.7,25.1,2458,0.946,0.348,0.643,603.6,16,no,no,0.000
363171de32c26b0a8b3ff21f94ba78a0,real,2270,5904,2480,3424,1329.1,19.0,5803,0.983,0.420,0.577,299.1,19,yes,no,0.000
367d4f24b6d6b2d63b02d68d8237ec06,real,204,4135,180,3955,759.5,17.0,4045,0.978,0.044,0.950,115.1,15,no,no,0.000
36fcea02fd8d3e3f551b5ba71caf3170,real,264,488,266,222,75.2,11.1,475,0.973,0.545,0.443,18.0,4,no,no,0.000
373fb39a6cd730db7632e88b2d43f7a5,real,590,1977,601,1376,5635.2,31.2,1846,0.934,0.304,0.689,2919.6,25,no,no,0.000
379f813a181d11691dd1d1bbd15f96b5,real,3113,5917,3322,2595,2057.0,15.0,5751,0.972,0.561,0.435,843.3,17,yes,no,0.000
37a993ba8ebfe965e740629fa23902b9,real,232,540,221,319,103.5,21.7,517,0.957,0.409,0.574,13.9,5,no,no,0.000
38293e1d0bd33a6cc0ef30e3dfc1ca62,real,1760,3073,1917,1156,864.0,11.2,3050,0.993,0.624,0.371,792.3,4,yes,no,0.000
38391d9eb2252ec50da3bb9b986c9fef,real,400,692,393,299,44.5,6.7,690,0.997,0.568,0.416,19.1,2,no,no,0.000
38468e098fa311e0287966be30a2b16e,real,818,2905,825,2080,4312.6,25.6,2748,0.946,0.284,0.709,1926.9,29,no,no,0.000
384db380e42402751c9191debaa1daec,real,98,576,84,492,1045.4,12.6,563,0.977,0.146,0.832,763.2,6,no,no,0.000
38b426a5085a21695d031d7470987874,real,834,2102,826,1276,1660.4,20.3,2027,0.964,0.393,0.598,823.0,13,no,no,0.000
38da808b6079cea8faa2c20aaad6c312,real,428,1624,426,1198,2700.9,61.0,1479,0.911,0.262,0.728,353.2,23,no,no,0.000
38fd41cb0227a3185951ff70115dde4f,real,362,594,362,232,81.8,12.2,586,0.987,0.609,0.365,31.1,4,no,no,0.000
3908e72bb3b83e6f2e4159c7bee7b039,real,274,404,268,136,43.6,18.6,391,0.968,0.663,0.307,8.3,2,no,no,0.000
399134aace3f87fa8ff5ec6d38ac29a2,real,342,721,340,381,726.6,28.8,676,0.938,0.472,0.513,494.3,8,no,no,0.000
39a92f7e8ad4f24b4ae4268f550309ca,real,321,1203,310,893,1034.2,21.1,1154,0.959,0.258,0.729,599.2,8,no,no,0.000
39a9ecffe9c38aa8664cff3f7cdc2ece,real,798,1936,811,1125,898.0,21.4,1900,0.981,0.419,0.578,431.8,8,no,no,0.000
39b47a889422f88050e8f211529ae870,real,336,1239,335,904,4189.8,25.5,1173,0.947,0.270,0.724,3058.8,19,no,no,0.000
39c6b5c62a55ad2691dccda834618ae2,real,2899,6774,3551,3223,600.8,16.1,6654,0.982,0.524,0.474,147.1,13,yes,no,0.000
39c6c167449dc88f4bb07b1a2128396b,real,1126,2040,1250,790,1026.5,6.9,2018,0.989,0.613,0.383,415.2,9,yes,no,0.000
39d023c1cc70a547af57f30947992c54,real,170,246,159,87,70.3,8.5,244,0.992,0.646,0.309,44.5,3,no,no,0.000
3a78c43e32dfd94330166a5f7ce4c4fc,real,413,880,419,461,233.0,23.3,838,0.952,0.476,0.517,78.7,6,no,no,0.000
3ac67f8278cb5c18ece1cd35e5b01343,real,1564,6024,1643,4381,3891.6,25.2,5619,0.933,0.273,0.725,1616.4,18,yes,no,0.000
3ad6c7e9bdc5c8e5580300dfc5ff846b,real,1358,4200,1370,2830,4538.6,23.4,4017,0.957,0.326,0.669,971.9,31,yes,no,0.000
3ae12268da2dccbfb508ddfee5596ec3,real,472,972,463,509,1079.6,8.3,960,0.988,0.476,0.508,445.6,9,no,no,0.000
3af733c55c728202bc257a70b8e274e3,real,2825,5431,2992,2439,1583.3,48.5,4935,0.909,0.551,0.445,630.9,16,yes,no,0.000
3afc35ea9d36c106cbaa043f90d9e261,real,1595,2998,1710,1288,270.8,10.8,2936,0.979,0.570,0.422,88.8,9,yes,no,0.000
3b359602ae35039bbc66459fd6cbc7f4,real,626,1347,621,726,3104.3,25.3,1263,0.938,0.461,0.523,1944.3,13,no,no,0.000
3b4c81d50212cce42f48581398b26c5e,real,258,620,252,368,183.4,15.7,599,0.966,0.406,0.568,79.3,5,no,no,0.000
3b5998e4dd0f1ca792cdf01f83b54f5d,real,784,2475,788,1687,4860.4,15.4,2399,0.969,0.318,0.674,1344.5,27,no,no,0.000
3b8ea35c120f0ab60a1678d283ed93b1,real,1187,2534,1278,1256,1596.9,12.4,2499,0.986,0.504,0.489,640.4,14,yes,no,0.000
3bb8d758141b1cad0abebf0c4bbd3f3d,real,1821,3468,2018,1450,1560.8,15.6,3370,0.972,0.582,0.416,479.2,14,yes,no,0.000
3bdaed0650d48b31113740d88abc0445,real,445,640,450,190,77.4,6.0,634,0.991,0.703,0.270,25.1,4,no,no,0.000
3be2690dbad713458e2caf5d525125bd,real,507,1158,522,636,1882.6,9.7,1126,0.972,0.451,0.536,477.6,13,no,no,0.000
3c52198ddad14cebce7399953adccd03,real,2019,3619,2134,1485,71.0,6.5,3604,0.996,0.590,0.405,16.8,3,yes,no,0.000
3c7e80aa1f050bf81702ab7344a25c5c,real,204,2188,195,1993,885.3,16.2,2123,0.970,0.089,0.902,380.5,12,no,no,0.000
3c87721d6b9c576b4b4c85ced395f9fe,real,363,1911,358,1553,3071.0,16.0,1872,0.980,0.187,0.802,1334.0,12,no,no,0.000
3ce88d4108e6da57b527e4546093c271,real,317,944,309,635,272.3,6.8,928,0.983,0.327,0.655,80.5,8,no,no,0.000
3d1488a03a3c6aa43e555e3b9fa62c53,real,295,916,282,634,4056.7,17.8,888,0.969,0.308,0.675,2952.9,9,no,no,0.000
3e49af6e93c9bc36a3280a184bd4a8e2,real,88,165,78,87,1685.5,15.7,160,0.970,0.473,0.479,1651.7,3,no,no,0.000
3e7bebd6c77d5cd3285989db73a5dc5d,real,1456,7670,1461,6209,2869.6,21.2,7326,0.955,0.190,0.807,1681.5,16,yes,no,0.000
3e9b3b5d4861eb6c44df4d8ed69c74da,real,155,236,146,90,94.3,11.3,229,0.970,0.619,0.331,33.1,3,no,no,0.000
3ef642f4da6ffc457da063bfa4e68e70,real,1057,2701,1222,1479,719.0,12.2,2609,0.966,0.452,0.541,274.9,10,yes,no,0.000
3efb79d8c568efaf0a1b90008abe57de,real,616,2338,612,1726,4718.9,51.0,1294,0.213,0.262,0.734,807.9,32,no,no,0.000
3f33eb8e5e20cdd965c98df1ac2e41d4,real,610,2007,752,1255,1577.2,23.9,1909,0.952,0.375,0.617,1359.6,11,no,no,0.000
3f4aa088e58199c56adf5631d1c16c2e,real,196,370,189,181,72.7,13.7,360,0.973,0.511,0.468,17.8,4,no,no,0.000
3f8b3d5f76865b429a37fb7a9813c3e2,real,1099,4093,1155,2938,3989.2,26.8,3661,0.894,0.282,0.714,1217.1,27,yes,no,0.000
3f99dc77a62ed4b68a855af0c62231a7,real,183,353,172,181,80.9,12.8,349,0.989,0.487,0.467,26.4,4,no,no,0.000
3f9e05e7b38f6f8a37edaecf0ce7159f,real,405,1289,401,888,537.2,12.0,1260,0.978,0.311,0.680,334.9,8,no,no,0.000
4045e381c2b410ecc9399f5d9c58ee4c,real,628,1946,619,1327,738.5,21.4,1889,0.971,0.318,0.674,241.4,14,no,no,0.000
406c6c79dc55384071fd016eba640137,real,272,1295,266,1029,820.5,20.2,1249,0.964,0.205,0.782,218.8,14,no,no,0.000
40aafd6e96b6de1418a0509afe307a57,real,3273,7672,3450,4222,5182.4,11.8,7513,0.979,0.450,0.548,1096.3,32,yes,no,0.000
40cca9b4f637993583712ca48fe20739,real,192,789,191,598,886.9,23.5,758,0.961,0.242,0.755,444.6,10,no,no,0.000
41191d1042c82c2d0f8c6f999bd6c74d,real,340,1062,331,731,1959.4,30.1,977,0.920,0.312,0.669,1139.5,9,no,no,0.000
41291ba6115fd8fa08d10e4370427b63,real,3472,7891,3554,4337,4100.2,19.0,7716,0.978,0.450,0.547,1700.8,20,yes,no,0.000
412b6b576823a5d5124a2a93bcbeb0a4,real,420,1328,422,906,1675.4,21.3,1278,0.962,0.318,0.681,725.7,11,no,no,0.000
41c5701ee3739588227eff62b819b6d6,real,376,822,368,454,479.5,8.8,809,0.984,0.448,0.534,272.7,5,no,no,0.000
4223d32772fbfae43028643cfac964c7,real,814,4198,803,3395,774.1,50.6,2955,0.704,0.191,0.803,111.1,28,no,no,0.000
42bfaadae1a254c48869e7629068a450,real,303,508,297,211,55.1,17.4,496,0.976,0.585,0.388,11.0,3,no,no,0.000
4317bc0daa181d5cf5884708daab411b,real,1142,3563,1214,2349,1054.3,18.7,3460,0.972,0.341,0.655,107.6,27,yes,no,0.000
4325ca88c3f02d9f45151096547fa001,real,258,1343,270,1073,361.1,47.1,1223,0.911,0.201,0.797,32.2,16,no,no,0.000
43494791679d67db4b492adac9d43033,real,547,3170,561,2609,2127.0,19.4,3056,0.964,0.177,0.820,1260.6,19,no,no,0.000
4365beaa252ea4f2f04c6bc83b46c0e1,real,1210,2971,1245,1726,2673.2,20.4,2867,0.965,0.419,0.575,1373.5,22,yes,no,0.000
43c26e63246041cc273990d902307216,real,765,2370,786,1584,5747.3,52.9,2030,0.857,0.332,0.659,508.9,61,no,no,0.000
43f6ff2fca6db21f2d1bb87cb0bed1d8,real,859,2040,944,1096,358.0,13.8,1971,0.966,0.463,0.530,118.2,8,no,no,0.000
43f7c09b0e9df6ff6c757927d00d9b8e,real,731,747,747,0,121.7,11.4,741,0.992,1.000,0.005,62.4,4,no,no,0.000
4411e18bbe9432b43441c9f33ccd0876,real,467,1611,462,1149,5455.6,608.2,1348,0.837,0.287,0.703,1399.5,29,no,no,0.000
44183c9d5cf5f6ca95db8eca8660b613,real,243,364,234,130,87.3,38.1,339,0.931,0.643,0.332,8.6,4,no,no,0.000
44252796f27fa0869ffe7570ce063178,real,310,773,297,476,537.5,11.9,756,0.978,0.384,0.596,458.3,5,no,no,0.000
442cb4846f7a92ea85ea9c17f603649a,real,1267,2050,1323,727,1753.3,6.7,2023,0.987,0.645,0.346,843.0,8,yes,no,0.000
44359ccc84dbfc84a6b00eb445c8e9ff,real,691,2225,689,1536,4458.0,140.6,1999,0.898,0.310,0.680,1056.5,70,no,no,0.000
449b5845b3cc5467c1573ab731a971aa,real,427,1027,427,600,1408.6,16.6,994,0.968,0.416,0.570,721.9,10,no,no,0.000
44f87d63b9eed817cde20a4b0371d5ea,real,24,385,18,367,258.8,20.0,374,0.971,0.047,0.940,145.5,5,no,no,0.000
451b5b1e542508da05de01e39e78232c,real,572,1391,567,824,806.4,59.4,1259,0.905,0.408,0.579,132.1,17,no,no,0.000
454fc4a82fd04e1a6dc77286c4cb4b16,real,492,646,497,149,61.7,4.4,640,0.991,0.769,0.211,19.0,3,no,no,0.000
455e20d6967f424ade714f30f32bd55c,real,37,276,30,246,118.3,13.6,269,0.975,0.109,0.873,44.5,4,no,no,0.000
456c6c8bf93e94ee04fafbefcc54f625,real,869,2093,908,1185,3427.5,36.1,1343,0.645,0.434,0.559,1107.4,18,no,no,0.000
45a401b43c9c7c176ef8b7e97642dc6d,real,820,1738,814,924,1865.3,29.3,1628,0.937,0.468,0.520,644.6,18,no,no,0.000
45a925448145c24aacce9560baaa5e0e,real,1210,3836,1253,2583,1895.1,10.1,3799,0.990,0.327,0.668,1273.6,16,yes,no,0.000
45adacd5d2872f3a5fd921f941aa2da8,real,1355,2454,1439,1015,1565.0,10.9,2429,0.990,0.586,0.410,804.1,9,yes,no,0.000
45b14e7a7cd18429679029d5ce949efb,real,1719,3309,2042,1267,1301.7,8.6,3235,0.978,0.617,0.377,501.1,19,yes,no,0.000
4609998338faa1bf915bf03a78189a5f,real,726,1966,738,1228,2016.0,218.2,1591,0.809,0.375,0.621,507.9,34,no,no,0.000
46171e977da095bc00778c266c96078b,real,58,8839,38,8801,3502.6,25.1,8323,0.942,0.004,0.993,338.1,49,no,no,0.000
4628165a82ff4660f08767c20e870c36,real,45,401,40,361,626.6,23.4,382,0.953,0.100,0.870,302.3,11,no,no,0.000
462a3bb9c4583a1784b55847ffba16b4,real,1098,1800,1270,530,722.7,22.9,1726,0.959,0.706,0.286,191.7,19,yes,no,0.000
463d4f1cc73ab40bbb9efb16b5949172,real,3362,8045,3507,4538,4459.3,24.3,7642,0.950,0.436,0.561,925.6,44,yes,no,0.000
467279672fd755e8abeba411d17e7989,real,386,735,382,353,66.0,16.0,719,0.978,0.520,0.468,11.2,3,no,no,0.000
469e54b1caff2be6e8bd25ff1c2600ad,real,647,1372,648,724,106.8,16.8,1346,0.981,0.472,0.518,18.6,5,no,no,0.000
46a7220f838249078cd84e87ae6fe2a2,real,85,2040,72,1968,1395.5,24.9,1922,0.942,0.035,0.957,752.4,13,no,no,0.000
46b3ef19aad5e91b1cc76c93a066d566,real,174,676,155,521,3865.4,20.8,646,0.956,0.229,0.741,897.7,17,no,no,0.000
46f498c422288e80f98e1465222d6130,real,420,2153,410,1743,651.2,7.9,2125,0.987,0.190,0.804,193.9,11,no,no,0.000
4754c394b77dc9526af8a77e4667b1e6,real,595,1274,597,677,1268.7,13.7,1260,0.989,0.469,0.518,781.6,9,no,no,0.000
47784ec4255c04a7dcdc9f5fb85f4629,real,1406,3348,1451,1897,2153.6,23.0,3192,0.953,0.433,0.562,759.0,14,yes,no,0.000
47f10629ac96d217df2c7a1220198831,real,865,1453,875,578,47.7,6.8,1444,0.994,0.602,0.397,10.7,2,no,no,0.000
4811c7d4aaad2674e0c596b513e00632,real,1370,2192,1469,723,1299.6,6.5,2176,0.993,0.670,0.327,1079.6,6,yes,no,0.000
488d3547f0679b10839f54a72d33e0f7,real,343,1448,339,1109,966.7,14.7,1405,0.970,0.234,0.760,386.4,10,no,no,0.000
4894ca72c1ad63f076c3e10d38e143fc,real,1619,2860,1827,1033,224.5,6.4,2826,0.988,0.639,0.359,103.0,7,yes,no,0.000
48b9e962a1e7bd392b5047eb5e0c9eb9,real,58,139,51,88,476.6,48.8,123,0.885,0.367,0.583,236.2,7,no,no,0.000
4942ead0b4c64ec3d4f39738e7d6ac5b,real,809,1801,811,990,209.4,16.9,1754,0.974,0.450,0.543,119.2,5,no,no,0.000
495b2bbb8acec17235ae4eb04b619f6b,real,981,2548,978,1570,708.3,21.3,2451,0.962,0.384,0.609,86.9,21,no,no,0.000
496908257aeb70ace88390d69100fc70,real,271,1093,322,771,982.1,47.9,991,0.907,0.295,0.692,187.2,21,no,no,0.000
4985f6de554799b443c4d1c0413ff462,real,119,237,102,135,2969.3,24.5,223,0.941,0.430,0.498,2912.1,4,no,yes,0.000
49b44337cd82f7dfe01d3e8801cf9df3,real,1485,3806,1618,2188,1389.8,16.1,3723,0.978,0.425,0.572,772.8,10,yes,no,0.000
49b869ac13538af296226323c5ef0e3a,real,1435,2363,1563,800,1625.9,9.0,2315,0.980,0.661,0.332,622.5,11,yes,no,0.000
49e8676369ce3cff193546f9c2a4643b,real,374,891,377,514,184.0,16.8,864,0.970,0.423,0.576,98.3,5,no,no,0.000
4a66b5b5d3585b7c9c5c1d1b92cdb04c,real,589,1481,577,904,597.0,17.1,1441,0.974,0.390,0.598,284.7,10,no,no,0.000
4a8f11746eea3b8e13a62425aa0ce30e,real,331,752,328,424,152.2,18.6,723,0.961,0.436,0.547,60.7,5,no,no,0.000
4ac5bc4d6d0dcc6c8763baf0143d26a6,real,1009,4614,1003,3611,3232.7,138.8,3056,0.663,0.217,0.778,323.0,55,yes,no,0.000
4ae20871c8fc2084e56797dd37d1eee8,real,918,2157,969,1188,1435.4,20.4,2077,0.963,0.449,0.544,766.6,9,no,no,0.000
4b4c08b7ba7b6bfa390238bdf6ef63e1,real,1204,2041,1309,732,267.2,15.7,1997,0.979,0.641,0.351,167.5,6,yes,no,0.000
4b646a63f35916ac6e3eb5fc45881e26,real,460,1066,449,617,2168.8,33.3,924,0.867,0.421,0.568,1457.2,10,no,no,0.000
4b7b0bce140f62bd145fd01292748ddb,real,33,392,15,377,551.0,21.1,378,0.964,0.038,0.906,460.0,5,no,no,0.000
4b8f587ccc3a56d659dfbe2ab82502ac,real,726,1632,725,907,3007.5,21.5,1562,0.957,0.444,0.547,892.4,24,no,no,0.000
4bb1ba01613eed8c5c4dda1b6bea3987,real,299,630,297,333,496.6,14.2,609,0.968,0.471,0.519,337.9,8,no,no,0.000
4bc5ef57939b166e77135e1b9f709695,real,25,151,16,135,51.9,20.7,147,0.974,0.106,0.841,19.4,3,no,no,0.000
4bd99015127b017c2d68fd9f3a3f4fb2,real,476,1499,468,1031,3662.0,15.4,1447,0.965,0.312,0.676,3455.7,10,no,no,0.000
4cb414326b4dcb9f5b03335efa3b69b3,real,113,633,111,522,418.9,18.3,611,0.965,0.175,0.815,346.8,4,no,no,0.000
4cfd0e04c28cb7dd35ba63c845d0a288,real,142,474,129,345,289.5,19.4,457,0.964,0.272,0.696,50.7,9,no,no,0.000
4d6fb000ed069fa72b127e86f576bd09,real,34,843,22,821,2214.6,24.2,796,0.944,0.026,0.960,1800.7,7,no,no,0.000
4d846598be12d4975e5b9e9a0c48ee55,real,28,247,22,225,482.8,40.2,230,0.931,0.089,0.891,386.8,5,no,no,0.000
4dc3f54ca9c5341e2c29150850b8e863,real,824,3578,826,2752,3278.1,26.1,3160,0.883,0.231,0.764,1250.2,33,no,no,0.000
4e0fc46f65fde29171db97c282dbeb85,real,41,3760,19,3741,723.5,286.5,2143,0.190,0.005,0.989,105.2,22,no,no,0.000
4e137757deb933c5c96c3aa3eb46b02f,real,163,878,161,717,169.5,12.3,865,0.985,0.183,0.814,73.0,6,no,no,0.000
4e23dcf34dabe9980623e1f840c0f3d3,real,6061,9310,6510,2800,675.5,7.0,9254,0.994,0.699,0.299,240.5,10,yes,no,0.000
4e5e5a54f99cb4ad93d4306d093d2439,real,355,1258,352,906,4311.6,39.1,1172,0.932,0.280,0.709,1095.5,29,no,no,0.000
4e655792628282cfdf3c9e0b89ddfdec,real,200,344,201,143,36.6,8.2,339,0.985,0.584,0.413,10.0,2,no,no,0.000
4e698be7382340b66f8aa47116fdf089,real,621,3709,630,3079,420.3,13.6,3647,0.983,0.170,0.822,193.7,8,no,no,0.000
4e7c879e2ad40d3c0ea5a37625fdbc6a,real,704,3962,699,3263,3795.5,50.8,3423,0.864,0.176,0.819,879.2,45,no,no,0.000
4e8eaf32927c722df729494342a5e56e,real,765,1528,766,762,2922.2,18.9,1466,0.959,0.501,0.493,1850.8,10,no,yes,0.000
4ec66cd21235f98950a0212681f9c49b,real,836,4279,834,3445,2070.3,21.8,4154,0.971,0.195,0.800,595.2,20,no,no,0.000
4f2883d1667ee2556ebdbe4deaadc2de,real,521,1176,528,648,1192.8,15.8,1124,0.956,0.449,0.544,411.1,9,no,no,0.000
4f372250519020747973d113d7a792e3,real,239,508,238,270,170.8,22.5,488,0.967,0.469,0.524,97.7,5,no,no,0.000
4fc1b370d013576a3ff1d777260a1a55,real,306,515,298,217,51.7,29.5,483,0.938,0.579,0.398,7.6,3,no,no,0.000
4fd2599042bfbdcca05d3ab9bb413382,real,456,4951,472,4479,5771.4,5292.9,1170,0.057,0.095,0.900,1607.1,83,no,no,0.000
4fec5d4fd9bf7734dc7ed93a75987dec,real,247,530,250,280,1196.9,14.8,524,0.989,0.472,0.523,1141.2,4,no,no,0.000
501c313da697363eff5e83a0eff2c64f,real,485,2297,474,1823,1336.7,36.5,1865,0.813,0.206,0.785,420.2,14,no,no,0.000
50260d3cb5f00f1bc033d1207ffd3d58,real,786,3683,785,2898,4244.5,58.5,1813,0.454,0.213,0.781,963.0,48,no,no,0.000
5071758358b5905a6d4d8d1c58d275bc,real,155,1924,137,1787,3328.8,36.9,1805,0.939,0.071,0.918,1270.4,26,no,no,0.000
50a5963898b362b0b9f0894a48eb7b92,real,287,294,294,0,49.2,10.7,291,0.990,1.000,0.017,13.6,3,no,no,0.000
50a8c1086da0ed1f6923e2f7ac60e454,real,688,1236,695,541,76.8,14.7,1214,0.982,0.562,0.430,10.7,4,no,no,0.000
50ab53eb20482302f166d1924ed922e8,real,1402,3058,1500,1558,1559.8,16.4,2999,0.981,0.491,0.504,631.5,7,yes,no,0.000
50bed1ccb633fd54b8720c237ede91bd,real,400,2664,383,2281,776.5,19.6,2591,0.973,0.144,0.848,227.1,13,no,no,0.000
50c67011a7dbfd163a04fe4724f50cda,real,737,1977,737,1240,909.3,63.6,1746,0.883,0.373,0.618,399.6,18,no,no,0.000
50de4f9da9c71e543dd5effeab5a972f,real,582,1929,594,1335,1157.0,53.9,1698,0.880,0.308,0.687,500.9,20,no,no,0.000
51033f02700d380de9ed515261c50c18,real,1160,2523,1192,1331,139.3,15.2,2449,0.971,0.472,0.522,32.3,6,yes,no,0.000
5119c97451778c51774363e188be4f6f,real,237,319,223,96,80.2,16.2,314,0.984,0.699,0.245,36.2,3,no,no,0.000
516709a5c00fef7593cde26628101ee5,real,1270,2085,1400,685,212.9,8.2,2079,0.997,0.671,0.327,55.4,7,yes,no,0.000
519020654b7820fdfcc368f159c4dacb,real,335,864,328,536,2531.7,15.4,833,0.964,0.380,0.600,1507.5,12,no,no,0.000
5194905efa7f74c283b69cc3f6732d0f,real,652,2256,663,1593,3754.1,54.1,2083,0.924,0.294,0.698,581.3,45,no,no,0.000
52107db7241fd715f2292c5b6b769fd9,real,1702,4134,1755,2379,957.1,15.0,4024,0.973,0.425,0.571,456.9,19,yes,no,0.000
524f0e0d4d8b8cafda60e4da39708dba,real,1570,3633,1702,1931,2083.6,16.5,3515,0.968,0.468,0.528,1431.0,20,yes,no,0.000
52904a7d14389b2c49b4e6ad21884958,real,276,612,273,339,1494.0,25.4,570,0.931,0.446,0.549,1390.1,4,no,no,0.000
537faa835e2bba3efa9351edcd65c6fb,real,214,407,202,205,4182.9,7.7,400,0.983,0.496,0.472,2828.5,6,no,yes,0.000
54cf76f12cbbb8decc0fe20f9ebdac12,real,331,677,317,360,798.1,17.1,648,0.957,0.468,0.502,712.5,5,no,no,0.000
5535e6c825af278d70e6063de9afead6,real,701,1867,696,1171,2747.4,14.6,1820,0.975,0.373,0.618,1377.6,18,no,no,0.000
5543041cc0a53774db23b5c7a4731299,real,769,3005,775,2230,637.1,12.0,2978,0.991,0.258,0.737,517.4,5,no,no,0.000
55903c4b65310cff7f7af98359bcb96d,real,1012,1404,1042,362,62.7,9.3,1392,0.991,0.742,0.247,13.1,3,yes,no,0.000
561ba57e7fe14d2f71107591bec0c414,real,1245,2711,1327,1384,684.5,9.4,2634,0.972,0.489,0.504,114.2,16,yes,no,0.000
561df828925c4ceb6899c959c4117ed1,real,641,2364,652,1712,977.2,16.4,2275,0.962,0.276,0.720,377.3,10,no,no,0.000
56342dca0444ac9a37992717233c374a,real,1307,4705,1391,3314,4518.0,50.0,3446,0.732,0.296,0.701,554.6,65,yes,no,0.000
56be89a740b5850956873ee87ec19205,real,736,3470,754,2716,4550.2,15.6,3375,0.973,0.217,0.778,2842.0,22,no,no,0.000
571289b2060b7ed53818f97357063139,real,878,3132,872,2260,3323.9,52.4,2825,0.902,0.278,0.714,1090.7,38,no,no,0.000
572f50c1dcea6efcb51f3e87b34f9d57,real,252,675,236,439,339.5,35.3,599,0.887,0.350,0.624,210.0,6,no,no,0.000
575c0d84c1cbea6b7e06335cfae8fd47,real,89,309,81,228,241.7,7.3,301,0.974,0.262,0.689,167.8,5,no,no,0.000
577b66f4d0cc8345255ad9dd3033de7e,real,746,1682,735,947,2016.7,8.4,1666,0.990,0.437,0.555,1965.9,4,no,no,0.000
5785e689d22899f7ef5825b283723ec2,real,472,1007,466,541,1224.5,15.9,970,0.963,0.463,0.522,882.0,9,no,no,0.000
581afac8d00590c6ec808d5e32ce06f6,real,155,540,143,397,809.2,5.2,536,0.993,0.265,0.706,469.4,4,no,no,0.000
585d83943efede082beac0b29a530056,real,909,2356,913,1443,334.9,11.1,2310,0.980,0.388,0.611,172.2,8,no,no,0.000
586174b2162a5871fd7ec2644572dacb,real,679,2332,675,1657,1019.3,35.2,2099,0.900,0.289,0.702,292.4,12,no,no,0.000
5872d1a4b4c1a1bea45785dd25d55f00,real,207,1731,192,1539,1588.2,101.8,1364,0.057,0.111,0.878,304.8,31,no,no,0.000
588ec5c73a37679fabdae9ca9b5d6b3d,real,224,604,240,364,117.8,8.6,592,0.980,0.397,0.599,23.1,5,no,no,0.000
58c88b7c5e350b91f5c9b2a3e49ef5d7,real,649,1399,660,739,1076.5,13.1,1371,0.980,0.472,0.520,724.2,9,no,no,0.000
58e070f43df49d0a093630505d5a4396,real,57,142,55,87,2762.5,18.1,138,0.972,0.387,0.599,2155.7,4,no,no,0.000
596c4f0543694c379b8f158651f4677f,real,3234,5736,3377,2359,3378.5,13.2,5661,0.987,0.589,0.408,1943.5,15,yes,no,0.000
59e93378e4d1d757318c4868f646dd4f,real,521,1148,528,620,196.1,7.4,1140,0.993,0.460,0.539,143.5,4,no,no,0.000
59f59c072d34fcd28f07de1b5001742f,real,1009,2615,1072,1543,2253.7,33.5,2418,0.925,0.410,0.582,513.9,23,yes,no,0.000
5a7262263645bbd876d21c6f529bd304,real,468,1027,457,570,1160.0,10.6,1002,0.976,0.445,0.537,442.3,12,no,no,0.000
5ac1fc5a960e9505a9901c7c2b58ec73,real,1068,3803,1114,2689,4781.1,280.7,3062,0.805,0.293,0.700,1022.8,48,yes,no,0.000
5ac4bbd20021a93d91f1a34ce34c29da,real,672,1864,798,1066,5281.5,103.5,1551,0.833,0.428,0.563,1065.2,28,no,no,0.000
5b5b561a57aab04193c4f16b198cc616,real,61,4504,54,4450,1948.7,29.6,4153,0.922,0.012,0.987,1347.6,17,no,no,0.000
5b804a08fc55adbb1257bfa6c444b468,real,494,4656,495,4161,1154.8,15.3,4524,0.972,0.106,0.891,285.0,18,no,no,0.000
5c2c261203abd3604111fa3f9991b700,real,609,4747,617,4130,4852.5,17.8,4652,0.980,0.130,0.868,1099.6,25,no,no,0.000
5c31add7a0ff0d4013dcb4ed3daea041,real,39,523,28,495,578.3,15.3,502,0.960,0.054,0.925,186.9,9,no,no,0.000
5c907f7b94a83e57b7668fcdc79ef8fb,real,10,300,0,300,86.4,10.3,294,0.980,0.000,0.973,32.1,4,no,no,0.000
5cc2446bc6fc97562e15d3c6fb1a2f3c,real,130,216,124,92,66.9,8.8,213,0.986,0.574,0.380,25.0,3,no,no,0.000
5d08cc9eccddd0be4a5b94a5a2981075,real,526,1181,515,666,3585.2,9.6,1155,0.978,0.436,0.547,3511.4,5,no,no,0.000
5d09b07254121183eed77ef845c029d1,real,1163,1322,1322,0,1003.3,4.7,1316,0.995,1.000,0.005,879.5,4,yes,no,0.000
5d6e300686cba5fee3908850597d0586,real,1631,2858,1753,1105,1895.3,16.6,2804,0.981,0.613,0.385,888.3,12,yes,no,0.000
5db025d270c71a816839bd2f5c515bb9,real,305,970,301,669,659.3,26.1,890,0.918,0.310,0.681,401.7,7,no,no,0.000
5e0338798ccd4758ebf3a8e573171103,real,682,2264,760,1504,4223.4,48.4,2107,0.931,0.336,0.656,191.2,84,no,no,0.000
5e473a962a19faa1b0dd8efdff7afc8f,real,53,539,37,502,255.9,25.3,507,0.941,0.069,0.904,97.0,8,no,no,0.000
5e580a5bd790a5659b2d71d6b90df360,real,486,1106,487,619,1298.5,15.6,1063,0.961,0.440,0.551,1079.6,9,no,no,0.000
5e7b319f01718ee95cc2d6a6a6e6a0d2,real,859,2294,866,1428,3744.9,16.6,2253,0.982,0.378,0.615,2262.0,11,no,no,0.000
5ea85c2630f22f9c9840bcec6381760a,real,658,3293,647,2646,3550.4,33.2,3095,0.941,0.196,0.798,948.1,40,no,no,0.000
5ec1a942423208b43a731402fb5dbf88,real,200,484,190,294,232.6,32.3,448,0.926,0.393,0.566,78.3,8,no,no,0.000
5eec7ae9c5ba013282f722253a4c4faf,real,700,3704,685,3019,2115.5,80.8,3203,0.866,0.185,0.809,213.9,44,no,no,0.000
5f39026622cca512974ecda9be858a05,real,552,1386,543,843,585.7,11.1,1355,0.978,0.392,0.595,362.3,8,no,no,0.000
5f3a38b8b458b41b00bbffdf322a4ad1,real,640,2030,641,1389,2814.8,7.2,2016,0.993,0.316,0.679,2375.3,7,no,no,0.000
5f59525ec4ec992e7db4c7b1407fcd6f,real,3453,7715,3524,4191,2205.2,33.0,7125,0.924,0.457,0.541,519.6,25,yes,no,0.000
5fbfd7cd5ae1cf1599d1d15e83ae9e1a,real,2713,8026,2973,5053,1238.6,14.7,7753,0.966,0.370,0.627,532.7,20,yes,no,0.000
5fdf2cde92664147394ea5aac525666f,real,1070,4383,1123,3260,5283.7,97.8,2370,0.344,0.256,0.740,1001.4,49,yes,no,0.000
5fe6ce0be2cde140f4ed1ab3fb7a9a0b,real,2847,6380,3295,3085,2530.9,7.5,6266,0.982,0.516,0.481,1896.0,15,yes,no,0.000
600369f33ce8528c067b10e8d0dcebf7,real,352,832,380,452,2611.1,17.0,807,0.970,0.457,0.528,1179.9,11,no,no,0.000
606ee3cfaff40ed23cd782a4bf0a0c7d,real,226,489,222,267,335.3,21.9,467,0.955,0.454,0.536,192.6,5,no,no,0.000
6092ebbb98d4a6be9ed3eaf5e1c9748f,real,38,2927,14,2913,618.9,16.7,2813,0.961,0.005,0.987,274.6,15,no,no,0.000
6096f8f2652d057d680564a7aa1545de,real,386,801,380,421,95.2,20.2,767,0.958,0.474,0.518,34.2,4,no,no,0.000
60a4349af9535bbef74f96960c9bab97,real,1569,2276,1711,565,417.0,7.7,2243,0.986,0.752,0.242,104.0,10,yes,no,0.000
60cad531efc206094856144423ca26e9,real,783,2484,791,1693,1475.3,17.3,2399,0.966,0.318,0.676,1101.1,10,no,no,0.000
6123f548a1d15a866d3c70857dd8920e,real,334,1806,320,1486,3097.7,41.6,1664,0.921,0.177,0.813,356.6,40,no,no,0.000
6151676a1d9b60d3f8b98767a2ed4e09,real,1326,2083,1535,548,1685.0,146.3,1371,0.658,0.737,0.253,283.2,36,yes,no,0.000
61899e478979f4cfc06f0cc80611a41b,real,385,1521,385,1136,1556.5,19.2,1461,0.961,0.253,0.737,708.0,13,no,no,0.000
618b07d7c02c2fdcd048f7f5539cded8,real,1073,3341,1135,2206,4141.3,27.7,3041,0.911,0.340,0.655,2368.7,29,yes,no,0.000
6198d6a0ad22f13a2ed8f724ad66ba76,real,432,1304,424,880,5160.0,225.9,1082,0.830,0.325,0.660,2493.1,35,no,no,0.000
61d58620aa7b713fc4cebf256074d2f7,real,1873,7257,2014,5243,3574.8,17.1,7052,0.972,0.278,0.721,1416.4,27,yes,no,0.000
62394d4c0e881531806ad55f8eb5efa7,real,453,1135,447,688,2921.3,11.8,1114,0.981,0.394,0.596,1625.1,12,no,no,0.000
628ca2e7fe4201c81c637d68bd37f9de,real,1503,4589,1526,3063,2904.4,7.2,4555,0.993,0.333,0.665,1717.0,11,yes,no,0.000
62c79668e94244d5d8f68130a5c4b53a,real,444,3229,430,2799,2299.1,47.0,2762,0.855,0.133,0.861,874.0,17,no,no,0.000
62e162c794637f91c667fa18a687be03,real,3138,7196,3330,3866,3482.4,48.0,6361,0.884,0.463,0.534,1487.3,29,yes,no,0.000
62e567900f78edc8604c2a264bca309e,real,2502,6482,2657,3825,3656.7,26.3,5631,0.869,0.410,0.586,813.7,42,yes,no,0.000
630f9af0ad0a28f328e6758e7b472546,real,503,2452,492,1960,3600.4,27.0,2105,0.859,0.201,0.792,945.4,23,no,no,0.000
633c664e55dd055e4aeeec9a33769ffc,real,385,1804,379,1425,620.4,18.9,1754,0.972,0.210,0.775,58.7,21,no,no,0.000
634cdb8bd7f8dec7c531d52b492a8410,real,918,2896,947,1949,1230.6,23.5,2756,0.952,0.327,0.670,533.8,13,no,no,0.000
63d9518a7b16e6825f288439fd2da234,real,363,805,361,444,329.9,14.2,785,0.975,0.448,0.529,210.5,6,no,no,0.000
63ef7985a42a90cd30e64f7a664c0cfa,real,136,137,137,0,46.5,16.6,134,0.978,1.000,0.015,20.8,2,no,no,0.000
645576095ad96c24ea7b306da9e6bb1d,real,497,1175,496,679,2517.0,15.4,1160,0.987,0.422,0.572,2394.3,6,no,no,0.000
6486a8abf206b6af18adfff3e383f5fc,real,1276,2538,1378,1160,246.2,14.0,2506,0.987,0.543,0.450,67.5,9,yes,no,0.000
648cfa734bf0b873f7264ad5e1fb6779,real,722,1116,763,353,72.8,12.8,1102,0.987,0.684,0.307,16.1,4,no,no,0.000
64c4f9d9df7ab0a9319d161544e5ec70,real,1813,2933,2046,887,1781.3,7.2,2885,0.984,0.698,0.300,527.1,13,yes,no,0.000
64e21535217742e382a05031a0866c7f,real,256,543,251,292,383.3,19.6,527,0.971,0.462,0.521,197.8,7,no,no,0.000
64f3009bbd171dcd86cc5eac419de5b5,real,329,1018,330,688,3683.3,42.3,948,0.931,0.324,0.666,1445.3,19,no,no,0.000
6509fabe956a39e1d60b0e8b8a272096,real,1831,2802,1909,893,655.9,12.8,2790,0.996,0.681,0.313,474.1,7,yes,no,0.000
653480fccd0b738e49937ed114bdab39,real,371,926,373,553,367.4,15.5,890,0.961,0.403,0.586,77.2,10,no,no,0.000
65376f9f1d8b93c58664cac655831815,real,406,1985,418,1567,940.4,24.2,1880,0.947,0.211,0.781,395.5,14,no,no,0.000
65e9ed3a351b5c1db3539cdd68e7aefb,real,1437,2280,1586,694,326.1,11.5,2228,0.977,0.696,0.299,51.1,12,yes,no,0.000
663641af3bd4b40eb28177471f20ed28,real,574,2693,566,2127,2724.6,30.0,2509,0.932,0.210,0.782,1352.0,29,no,no,0.000
666ce84a1a5532f15a322ec9cec855a4,real,1068,3461,1108,2353,1287.3,33.7,2414,0.697,0.320,0.674,286.9,33,yes,no,0.000
67139ec33dc64d22df477466476e7398,real,84,146,85,61,1193.2,18.6,141,0.966,0.582,0.411,1112.8,3,no,no,0.000
6732e061b746df5747d119f43cc14288,real,2149,5122,3424,1698,1092.4,23.9,4877,0.953,0.668,0.331,400.4,11,yes,no,0.000
678cdee187a17fe7f52e4fa884bc35f2,real,301,481,293,188,74.4,10.4,475,0.988,0.609,0.376,16.5,4,no,no,0.000
679bf3e08129f15ae49fdf5a9ad7c7d8,real,342,717,338,379,751.9,10.1,705,0.983,0.471,0.519,551.3,6,no,no,0.000
67ec3c29a4a556b6155a7a7d7dbaab2f,real,205,530,189,341,1195.0,50.7,467,0.881,0.357,0.606,319.2,16,no,no,0.000
6852372ff57b4d567ea365f4f7d9a662,real,488,672,485,187,56.8,4.8,670,0.997,0.722,0.257,22.0,3,no,no,0.000
6899b5bc1f8dc86549efca4004220c11,real,233,352,223,129,87.3,14.8,337,0.957,0.634,0.341,18.1,4,no,no,0.000
68a4217c84bacc96fbecdf6df1a0c4a6,real,524,1143,524,619,132.2,13.7,1119,0.979,0.458,0.536,49.0,5,no,no,0.000
68f1c623768b2e4934831f60b2a163bf,real,2176,3816,2436,1380,2992.8,7.9,3747,0.982,0.638,0.358,496.9,42,yes,no,0.000
698c7557fc3186292abed9f3a48396a0,real,235,626,221,405,2972.2,29.7,587,0.938,0.353,0.615,1285.9,19,no,no,0.000
69a80964548c8716f0594a2130164956,real,558,2025,574,1451,2063.6,23.4,1942,0.959,0.283,0.707,881.8,20,no,no,0.000
6a2fe5a3c03bb9c0e11fb747e06ee95e,real,211,216,216,0,24.0,8.7,215,0.995,1.000,0.009,5.4,2,no,no,0.000
6a854573c7571c88ac99a96bb4c5c05e,real,47,3152,30,3122,2292.3,8.9,3111,0.987,0.010,0.985,1660.4,12,no,no,0.000
6a969592f48ef3200929602e0e9bc603,real,2922,4179,3030,1149,974.6,17.2,4074,0.975,0.725,0.270,236.9,23,yes,no,0.000
6b3d579ddaa7e4ecd3aba5e3e6a9a6a3,real,25,2768,14,2754,4148.8,38.0,2602,0.940,0.005,0.991,2070.4,29,no,no,0.000
6bc9708c5a17b3c45fd098f61e36887b,real,1991,4193,2333,1860,1930.2,24.0,3984,0.950,0.556,0.440,1227.9,17,yes,no,0.000
6bcf2f58fac4fcf7e3d5162d3f302571,real,239,352,232,120,86.2,9.6,345,0.980,0.659,0.298,35.4,4,no,no,0.000
6be249d2d93104bcfdb32c06286d313d,real,2063,6580,2227,4353,5439.7,66.1,5796,0.881,0.338,0.658,1382.1,64,yes,no,0.000
6d3ccedbf87743e9fd0c5de1ca5beecd,real,111,1310,98,1212,629.3,7.1,1290,0.985,0.075,0.911,516.2,6,no,no,0.000
6d7ba7f4effd88819490d52c6f35333e,real,681,1612,676,936,286.7,7.0,1598,0.991,0.419,0.568,99.7,7,no,no,0.000
6dffb4eeafa0ec5b8c44b4e0cb8bf3f0,real,315,1007,305,702,1592.5,22.3,961,0.954,0.303,0.685,647.0,16,no,no,0.000
6e479976483e1fe46940a2ef5e6afc6c,real,165,348,161,187,69.3,15.9,345,0.991,0.463,0.517,24.4,3,no,no,0.000
6e5a8011a50b04da7fdf10f2d08d954b,real,52,1839,43,1796,2711.5,19.1,1777,0.966,0.023,0.971,1331.4,12,no,no,0.000
6e7855f5cbc01050258a9723fc41b82b,real,247,482,247,235,2352.4,10.5,477,0.990,0.512,0.475,1692.8,5,no,yes,0.000
6e800837b59d0a7cd7ae56db4898e008,real,694,2346,688,1658,1455.0,19.6,2247,0.958,0.293,0.698,1275.4,9,no,no,0.000
6e82e24c5b24b03f754e8f879622edf4,real,231,871,228,643,94.3,24.0,827,0.951,0.262,0.729,46.8,3,no,no,0.000
6ea27467a1c706a0e24b51739d76911e,real,454,1205,438,767,2483.3,26.8,1133,0.940,0.363,0.619,870.7,22,no,no,0.000
6ea6b3ff2653c4e7a49993dd6f05bb61,real,516,1437,507,930,2389.8,25.4,1352,0.941,0.353,0.633,861.6,18,no,no,0.000
6ecded8e6c3fbea6f2e7f2d9249070ec,real,461,1302,545,757,1405.0,279.9,459,0.353,0.419,0.568,371.5,25,no,no,0.000
6ee4f264dd3af569fa23113955f233c3,real,1108,2023,1151,872,669.3,13.4,1998,0.988,0.569,0.427,398.9,7,yes,no,0.000
6ef0720e8e7bb89c91410820215f3453,real,372,882,361,521,2620.8,32.8,833,0.944,0.409,0.575,1832.8,12,no,no,0.000
6f5a186d293b576773129bf94fbf9611,real,74,1025,60,965,580.2,8.8,1007,0.982,0.059,0.926,232.5,11,no,no,0.000
6f65e8f8afbd1072926659d7f69fd72b,real,1149,2192,1237,955,4496.8,58.1,1545,0.705,0.564,0.430,1130.2,17,yes,no,0.000
6f78759b9f6bb8d795d363fc08a28af6,real,901,2086,898,1188,2337.6,11.0,2056,0.986,0.430,0.560,2183.8,7,no,no,0.000
6f8dbf2a57aac53b49d5961a174f15ae,real,444,1176,445,731,1075.2,18.9,1142,0.971,0.378,0.616,302.1,10,no,no,0.000
7006d3f9f7efa902d2aa468735d2ac8d,real,61,323,55,268,94.2,34.7,302,0.935,0.170,0.811,14.6,4,no,no,0.000
70105846fde4bbe0565fe55fc0302497,real,14,169,11,158,144.5,21.6,166,0.982,0.065,0.929,117.6,3,no,no,0.000
70ae95bbe89d1fd907dfdab00c708c46,real,607,1782,619,1163,5239.2,30.1,1673,0.939,0.347,0.647,3978.8,16,no,no,0.000
710155afe7c177da81b3430e160264de,real,1424,2082,1532,550,703.1,19.6,2023,0.972,0.736,0.256,460.3,10,yes,no,0.000
71070169795cf94c18dc62c460e1c55d,real,931,2541,971,1570,1680.8,6.6,2519,0.991,0.382,0.611,1383.1,8,no,no,0.000
7112f044fb061ba63ab1b0b0d959ffdd,real,316,678,311,367,673.5,31.4,638,0.941,0.459,0.527,393.1,6,no,no,0.000
7116e27d023016280374c2668f6fc192,real,1318,3035,1410,1625,863.9,20.2,2939,0.968,0.465,0.530,606.8,7,yes,no,0.000
715276c898b3e4b763071aa7376c0a53,real,2521,5820,2786,3034,948.6,10.9,5719,0.983,0.479,0.518,330.7,12,yes,no,0.000
718a8f26f34ed3ac30cf84e0bfe4d81e,real,1429,2457,1597,860,2057.9,8.2,2408,0.980,0.650,0.346,624.2,13,yes,no,0.000
719ee6870560fefe4cc50bc915f5397a,real,347,1886,332,1554,2172.9,19.2,1811,0.960,0.176,0.813,554.4,13,no,no,0.000
71e343a7c1080cfc99bb0d212b7d78e5,real,328,743,323,420,719.9,23.5,706,0.950,0.435,0.552,207.2,13,no,no,0.000
72093cc5b53890e1231d634a7fa5c11a,real,165,560,152,408,4887.3,29.8,513,0.916,0.271,0.704,3791.2,15,no,no,0.000
725a10992bf08fefb6682a208fd23db7,real,426,1417,415,1002,534.1,17.8,1377,0.972,0.293,0.695,292.0,10,no,no,0.000
729fe366a37dfd7552b1637f104e93c2,real,533,812,533,279,44.4,14.8,807,0.994,0.656,0.340,7.9,2,no,no,0.000
72d819067fc24c5a88ce065546cea5b0,real,1164,2150,1347,803,602.3,32.8,1980,0.921,0.627,0.367,309.2,11,yes,no,0.000
74fca3b69ab16ebdf325a69c9cbe7363,real,591,926,586,340,93.7,7.9,910,0.983,0.633,0.353,23.1,4,no,no,0.000
7548d31b551d894bbc4a06732e0db6f5,real,2725,4138,2957,1181,2867.8,5.7,4083,0.987,0.715,0.281,1859.2,18,yes,no,0.000
76775e2dc1dc113c7cf2292906a5438c,real,315,676,297,379,560.6,14.0,653,0.966,0.439,0.531,328.6,8,no,no,0.000
768dda7c06c94e2a98203eb50e14cc3c,real,361,699,357,342,47.1,7.0,697,0.997,0.511,0.475,14.3,2,no,no,0.000
76ed63106aeb6443900c402ec66c131d,real,1454,2840,1574,1266,508.6,12.6,2764,0.973,0.554,0.443,238.9,8,yes,no,0.000
7756ee5bdd2bff825748c6e067866b13,real,343,731,330,401,610.8,11.4,707,0.967,0.451,0.527,536.1,5,no,no,0.000
77691097f0f5a689d8516fcfef0bd97f,real,203,445,190,255,892.6,26.6,420,0.944,0.427,0.530,165.7,14,no,no,0.000
77d99e738d2ecaf7d17b11effcede806,real,285,2000,289,1711,5159.5,35.2,1875,0.938,0.144,0.848,1392.6,24,no,no,0.000
7803bf71e79d1af4fe0723a73ebcdad7,real,200,517,190,327,316.1,26.7,488,0.944,0.368,0.613,169.2,7,no,no,0.000
782d8d8fcfd1ca497a7820c2e1fd2e0a,real,41,679,27,652,846.2,39.9,625,0.920,0.040,0.943,125.2,17,no,no,0.000
78356a61d47f024a02f89c86c55de868,real,277,440,279,161,42.4,14.1,433,0.984,0.634,0.352,5.0,2,no,no,0.000
7836a2c9c9f1e792ece4d0c71c3e0f7b,real,922,1934,929,1005,958.0,8.0,1905,0.985,0.480,0.515,351.7,10,no,no,0.000
78452bab3d5476b7a4ad9320664aacfb,real,248,1168,239,929,1589.8,30.6,1072,0.918,0.205,0.787,629.4,19,no,no,0.000
78ecbd23c1ed579067205759abefbb18,real,2680,8852,3005,5847,3632.2,48.8,6672,0.143,0.339,0.659,1121.2,21,yes,no,0.000
7943c82ad6548d329eb3703853823240,real,638,1343,643,700,3352.6,47.9,923,0.271,0.479,0.515,1068.3,21,no,no,0.000
795199002e966363a04d7313f0184e07,real,798,1634,792,842,1953.5,14.4,1599,0.979,0.485,0.509,1074.5,8,no,no,0.000
7981f23a33a7bb112368d1f44df5d4fa,real,16,214,6,208,602.3,20.8,207,0.967,0.028,0.935,371.6,6,no,no,0.000
799a54dfe5472de93613dab44f22014e,real,664,5574,659,4915,3558.2,14.6,5402,0.969,0.118,0.878,938.9,28,no,no,0.000
79e272c4e29eca6f50bcb99bb619d4a6,real,4762,7040,5257,1783,601.6,5.2,6939,0.986,0.747,0.252,204.1,9,yes,no,0.000
7a3dc699a2bcf66041b4c655f62df79e,real,129,192,113,79,42.5,8.3,190,0.990,0.589,0.333,17.6,2,no,no,0.000
7a88ac658fb347c70a1e2d92bb91299e,real,318,778,315,463,1507.7,15.6,762,0.979,0.405,0.581,614.2,8,no,no,0.000
7a93d57e11affb9e9da57eababbd5a06,real,1481,3049,1663,1386,384.6,14.9,2951,0.968,0.545,0.450,110.8,12,yes,no,0.000
7aa73bc94973638bac7243b1fcd7f2e0,real,797,4097,802,3295,2503.1,19.2,3991,0.974,0.196,0.798,1790.4,12,no,no,0.000
7ae3ec16812979770c7bc9720d64fc7d,real,1021,1879,1100,779,578.7,84.5,1743,0.928,0.585,0.409,374.2,8,yes,no,0.000
7b458e6d21ec3cdb2f0ef2e1e837d309,real,831,3030,817,2213,2055.4,18.4,2906,0.959,0.270,0.724,802.5,22,no,no,0.000
7ba91b693ca5b9fdd3c1094221bb11b9,real,170,390,162,228,80.1,26.0,366,0.938,0.415,0.549,15.9,4,no,no,0.000
7bb5ebf58d89c6841e078d527287b3f6,real,1009,1661,1070,591,148.5,6.1,1653,0.995,0.644,0.347,91.2,4,yes,no,0.000
7bec8eee6afb4173291a0eee042028ee,real,448,4883,432,4451,5369.9,27.4,4488,0.919,0.088,0.906,1364.5,46,no,no,0.000
7c967970f59714382e2aae56b2945d7e,real,154,237,150,87,62.4,13.1,234,0.987,0.633,0.354,30.4,3,no,no,0.000
7cb438c477df5156f92cd8b6d685f09d,real,257,459,252,207,39.9,5.1,455,0.991,0.549,0.434,8.0,2,no,no,0.000
7d2653114181e071ef88ea544783a399,real,344,719,340,379,111.5,23.0,685,0.953,0.473,0.501,16.4,5,no,no,0.000
7d52d481ef2086dabe6000ca0441f848,real,417,1106,414,692,1167.5,15.1,1077,0.974,0.374,0.618,1059.5,6,no,no,0.000
7ea4964a52d06e018aa0bd3205c4a780,real,202,312,195,117,71.6,13.8,307,0.984,0.625,0.343,23.7,3,no,no,0.000
7f03feb2519e5946f3d735bdd9b7639c,real,3466,10179,3731,6448,866.7,25.5,9618,0.945,0.367,0.631,214.2,19,yes,no,0.000
7ff70b2dfb22e69b6344167d60b3e7f6,real,224,227,227,0,21.1,7.0,227,1.000,1.000,0.009,4.2,1,no,no,0.000
800ab4638c1a4ced93e76587a25bd3f5,real,827,1756,830,926,426.8,5.2,1728,0.984,0.473,0.523,135.8,9,no,no,0.000
802c580e9090b6f3233fd5bff1545675,real,891,2896,885,2011,910.5,53.8,2510,0.867,0.306,0.688,222.1,15,no,no,0.000
8031ca30cbb04db5e1015ac9f2e073b4,real,1665,6230,1718,4512,4830.8,123.1,4915,0.789,0.276,0.722,1005.2,68,yes,no,0.000
8067c74ee9751e9826a1ddb464033e1b,real,552,3190,539,2651,2945.0,58.3,2283,0.226,0.169,0.824,458.0,42,no,no,0.000
809062fb46a1d434d8e694d45b23749c,real,1298,2132,1396,736,216.1,8.7,2116,0.992,0.655,0.341,79.6,7,yes,no,0.000
80a09c13f13c85a68482079cabcf70db,real,480,1699,475,1224,1632.1,15.0,1668,0.982,0.280,0.714,784.9,8,no,no,0.000
80ce42b4719ed6cfd11c586f48abe927,real,790,2484,850,1634,3948.4,36.1,2265,0.912,0.342,0.655,1697.4,21,no,no,0.000
812002f7f1ccfcfcecd3e99c6841ee3e,real,1427,2439,1508,931,1543.8,71.0,2198,0.901,0.618,0.376,349.1,36,yes,no,0.000
8121a0ff02d1c86d6badc59aadf95641,real,265,652,265,387,164.1,8.8,643,0.986,0.406,0.575,82.2,5,no,no,0.000
8141da2dcfcf86daab6d92c3b8dd255c,real,368,635,365,270,53.0,9.2,623,0.981,0.575,0.420,8.3,3,no,no,0.000
814364c453f16f84c569e36d47e51824,real,1015,2101,1084,1017,631.0,7.5,2088,0.994,0.516,0.482,243.7,8,yes,no,0.000
81a824f104d2e52ae50d9f152e48a55f,real,1251,2994,1404,1590,1372.0,43.1,1601,0.449,0.469,0.525,600.5,15,yes,no,0.000
8261bf8601663c218a2f904b93be2edd,real,241,425,238,187,30.9,6.9,424,0.998,0.560,0.419,15.5,2,no,no,0.000
8261c21fa8bca86d36ab064ee4bb8bb2,real,1298,2314,1469,845,1734.2,11.5,2283,0.987,0.635,0.360,1251.2,11,yes,no,0.000
828ca8d282df575cdde3908dc6a4961d,real,192,3653,173,3480,692.9,36.3,3363,0.921,0.047,0.947,304.9,14,no,no,0.000
830ee094f2dc4252e515eb710ff33ed9,real,167,909,160,749,132.3,7.3,905,0.996,0.176,0.811,102.6,3,no,no,0.000
834724e75aecde6d5a2e476085d4ddf7,real,494,717,717,0,143.7,62.1,470,0.656,1.000,0.025,79.2,4,no,no,0.000
83c44727277a3a8486a9b4135be7c882,real,3342,7824,3498,4326,1422.4,28.9,7174,0.917,0.447,0.550,305.6,35,yes,no,0.000
83c7e8e9373dc4282274ad8b65ae9e3b,real,747,2244,747,1497,1641.2,35.0,1743,0.777,0.333,0.660,1083.3,12,no,no,0.000
83ef3fc8c02f877ccb1dc2042e6a4375,real,495,1258,483,775,1181.5,11.2,1236,0.983,0.384,0.603,364.8,12,no,no,0.000
8414a3f06b9ef8e0bf05a46a86502e39,real,314,773,311,462,145.2,46.5,429,0.555,0.402,0.582,57.5,5,no,no,0.000
845bbd2f62efede83b1dfbbe15c2a6ff,real,372,871,362,509,3220.4,25.5,824,0.946,0.416,0.568,884.8,20,no,no,0.000
84c6647ef94c5037fe8e28ea52a372f1,real,461,1024,473,551,76.5,10.5,1015,0.991,0.462,0.534,19.1,4,no,no,0.000
8523aa8a7377b2d8dafe888efd654d03,real,1076,1706,1143,563,3356.4,18.5,1662,0.974,0.670,0.320,2262.9,14,yes,no,0.000
857967ba750f8891ab928ff739b4f6ce,real,385,896,373,523,1060.2,23.2,853,0.952,0.416,0.564,548.9,17,no,no,0.000
85ac6736e6ac6aebe30279eb9706481b,real,123,323,118,205,2461.4,18.9,316,0.978,0.365,0.619,2091.7,5,no,no,0.000
85b5b202121ee6e74d6c95c1d555cdbc,real,444,448,448,0,264.2,10.4,444,0.991,1.000,0.004,218.3,3,no,no,0.000
85e09156d69548c3d9f8d7cda81fbd94,real,1441,2718,1613,1105,649.0,11.7,2632,0.968,0.593,0.403,263.2,9,yes,no,0.000
85f96de7a431c67fccb6d3c19e2fbe19,real,1,0,0,0,0.0,0.0,0,0.000,0.000,0.000,0.0,0,no,no,0.000
85fd30a5e494598e0a31aff66d371b75,real,457,4389,442,3947,2215.4,12.2,4253,0.969,0.101,0.895,490.2,25,no,no,0.000
861bc4eb7a0bd1cde6d5f311a904cc3e,real,707,1477,709,768,1521.5,10.8,1433,0.970,0.480,0.511,547.7,14,no,no,0.000
86ad12858bec906a2c2798625fafe3ae,real,388,1395,379,1016,1521.9,1228.1,1153,0.827,0.272,0.714,740.9,9,no,no,0.000
86b85969a7471602f7e812b2c19e3ab2,real,287,643,272,371,1004.9,10.6,618,0.961,0.423,0.547,282.0,14,no,no,0.000
86fca1ce032f14c661af0e3159f3b962,real,217,670,211,459,276.1,21.5,640,0.955,0.315,0.669,61.4,9,no,no,0.000
870d3895bfee41f4cda3b31a37d890dd,real,69,145,64,81,2761.5,22.7,138,0.952,0.441,0.524,2304.9,6,no,no,0.000
8738783f5c50c9f9d2cb7ee4ca068eb9,real,321,661,323,338,390.0,23.0,628,0.950,0.489,0.501,216.9,7,no,no,0.000
8739f9345d316f23674073f4be5b9a0d,real,13,1739,0,1739,161.8,7.8,1725,0.992,0.000,0.994,64.7,6,no,no,0.000
88018d6671d1c02df529edb39a426b86,real,203,2047,193,1854,889.0,11.2,2002,0.978,0.094,0.897,384.8,13,no,no,0.000
885b7c3d6db28b3f77b7b767d6ba2d0a,real,368,835,362,473,483.5,24.0,794,0.951,0.434,0.552,314.0,9,no,no,0.000
8869441de8bdf1e71bffe67bd0107bae,real,719,1789,788,1001,480.9,22.8,1708,0.955,0.440,0.554,207.9,6,no,no,0.000
887f72ed1919cfe6cec04ffbae5c858f,real,527,1648,526,1122,1778.6,75.6,1311,0.796,0.319,0.677,453.6,18,no,no,0.000
889fa896d449ef89c6273025817c776d,real,284,1054,275,779,1983.6,10.4,1025,0.972,0.261,0.726,1325.9,9,no,no,0.000
88d1dbb905956cead809a93f5e71a3ae,real,201,1160,191,969,242.1,17.5,1137,0.980,0.165,0.824,83.1,6,no,no,0.000
88e0a601f5bc717ac40d8b1d3db8dc35,real,236,708,223,485,3021.9,15.9,685,0.968,0.315,0.665,2300.4,12,no,no,0.000
88e90cef203d977c1b05a6a03301f9c2,real,3049,6928,3261,3667,3142.2,12.5,6843,0.988,0.471,0.528,1707.3,20,yes,no,0.000
88eeb05b7e0c097884c0b87461096f57,real,959,3147,989,2158,4363.6,14.6,3104,0.986,0.314,0.681,3236.8,13,no,no,0.000
88f83e01a36d79260054b508249bf2b2,real,225,460,216,244,142.7,17.9,448,0.974,0.470,0.504,58.5,5,no,no,0.000
8912fb85b2b53c5b384773cc3816f002,real,369,1710,366,1344,234.1,17.1,1665,0.974,0.214,0.782,73.1,7,no,no,0.000
8977fc183cabb17437a894df869c9008,real,554,775,568,207,71.5,9.8,755,0.974,0.733,0.243,10.7,3,no,no,0.000
8982b86f9d6c4478b606a5aa9bfc6728,real,3315,4438,3471,967,4376.2,60.5,3917,0.883,0.782,0.213,974.4,48,yes,no,0.000
89ced283b8f3abd3642e5f37bccef4c0,real,208,209,209,0,31.3,12.0,205,0.981,1.000,0.010,5.7,2,no,no,0.000
89f54c95e32d0938f52600b2210fd74e,real,489,4064,541,3523,3274.7,1803.1,1530,0.075,0.133,0.859,157.5,113,no,no,0.000
8a0785b0011f574f4c2aa1357935a020,real,241,1071,230,841,2741.9,84.0,981,0.916,0.215,0.768,357.1,34,no,no,0.000
8ae30a2c4d57b45fe8d1cedb9db68e10,real,1086,2380,1176,1204,438.9,28.1,2225,0.935,0.494,0.501,318.9,6,yes,no,0.000
8b278448bce08c58505ad646cafc5718,real,276,597,264,333,477.1,33.1,554,0.928,0.442,0.533,112.0,9,no,no,0.000
8b81e118ee5feb4eb9ccfd9184de0f63,real,1032,2692,1112,1580,4268.9,22.1,2562,0.952,0.413,0.584,1828.4,16,yes,no,0.000
8c0709dc58739102539840ad115fae09,real,442,1397,435,962,505.4,25.5,1326,0.949,0.311,0.677,313.9,7,no,no,0.000
8c091b312350505509fed8ff32cc4858,real,434,779,433,346,25.3,8.2,778,0.999,0.556,0.424,5.2,2,no,no,0.000
8c29a0f01fc7607061fbd8fe3c30ace9,real,314,644,306,338,140.9,24.8,610,0.947,0.475,0.505,25.1,6,no,no,0.000
8c856f23f574193ea0a6a1eb78c80fac,real,315,658,324,334,99.4,14.1,642,0.976,0.492,0.502,34.9,4,no,no,0.000
8cbf794186454f970127c213f56a30d3,real,419,1478,410,1068,638.0,32.2,1367,0.925,0.277,0.710,269.9,11,no,no,0.000
8d6446cdcc6b1ab4825eabb11e8a7925,real,202,437,190,247,40.5,6.9,433,0.991,0.435,0.535,13.5,2,no,no,0.000
8dbde4bc158b21063ac7ca23649334da,real,87,2650,70,2580,4380.9,22.2,2559,0.966,0.026,0.966,1386.7,23,no,no,0.000
8dd7bcc3b0c7f53ba967c923a19a1731,real,2307,3745,2441,1304,568.9,8.4,3713,0.991,0.652,0.343,196.6,10,yes,no,0.000
8e10dcc1eb6ddce5c96d766c32886e00,real,341,864,336,528,1395.8,21.5,837,0.969,0.389,0.601,634.5,8,no,no,0.000
8e7a93581fb4dfce7bb191ba44fa0730,real,36,3998,18,3980,4729.1,183.8,1974,0.304,0.005,0.990,776.3,52,no,no,0.000
8ec12c0b7ed1b8cf822b407319919f68,real,208,1601,201,1400,363.2,7.0,1572,0.982,0.126,0.865,228.5,6,no,no,0.000
8ec951a75c18a75babe5ea1dc819c9ef,real,1672,3379,1893,1486,2439.2,39.3,3092,0.915,0.560,0.438,848.5,23,yes,no,0.000
8ed07465123d52f7c4fd64a8fac18c8b,real,739,2788,742,2046,2147.8,12.7,2749,0.986,0.266,0.728,1314.4,14,no,no,0.000
8f356b95e9c931d9c0eeeb2976c6ceab,real,936,2811,1000,1811,3387.6,11.6,2747,0.977,0.356,0.641,608.0,20,no,no,0.000
8f700e15ec637db22031f04b380e5326,real,1467,3329,1523,1806,1107.7,20.9,3234,0.971,0.457,0.539,753.2,12,yes,no,0.000
8f8049928a28f809244c6bccd676d0f3,real,760,1773,754,1019,1836.0,17.9,1724,0.972,0.425,0.565,332.9,23,no,no,0.000
8f9dcdaf2b2a3bb875922fceeda9c811,real,639,1665,651,1014,919.1,40.1,1453,0.873,0.391,0.604,587.1,7,no,no,0.000
8fb4a54875d72f6db4bc45c784487429,real,234,3103,217,2886,2950.9,53.2,2865,0.923,0.070,0.923,287.8,49,no,no,0.000
900492e76756fe20bcb54f3de23a1484,real,265,2998,260,2738,3523.9,48.7,2667,0.890,0.087,0.911,2121.1,15,no,no,0.000
900f7ed5239a1e6086c93a8e1d99d8a3,real,238,2543,221,2322,447.7,10.8,2502,0.984,0.087,0.906,201.6,5,no,no,0.000
90a55a97969321498b52bb8881bb2eb6,real,238,802,229,573,1725.1,49.8,751,0.936,0.286,0.688,711.7,17,no,no,0.000
90e8a9d4cd40c208b19b84ffb6a11271,real,3735,5820,4051,1769,3995.8,8.4,5787,0.994,0.696,0.301,3523.8,9,yes,no,0.000
910516e61cf8bbbf34ce4fee29866c78,real,631,1803,629,1174,1970.5,16.5,1750,0.971,0.349,0.645,984.8,14,no,no,0.000
913658a8f3d1e52082a07b660391073b,real,841,1792,846,946,3654.4,27.4,1690,0.944,0.472,0.517,1694.8,16,no,no,0.000
914946544768d4051e5bfca7218e7d11,real,1021,5137,1018,4119,1810.7,13.3,4979,0.969,0.198,0.799,541.6,22,yes,no,0.000
9162e54c435232f31f27d7b0b9530ae2,real,1690,4603,1843,2760,3792.5,140.0,3883,0.844,0.400,0.596,1342.2,26,yes,no,0.000
91ffd73613ffc289c38ae775fffa4106,real,1122,2582,1286,1296,3532.7,70.3,2382,0.923,0.498,0.495,1215.1,38,yes,no,0.000
921430041f0c97a08e2739e557f532f5,real,283,3292,268,3024,4573.0,21.7,3141,0.954,0.081,0.913,1358.4,24,no,no,0.000
921ad904f8c531f7ded8c46287cd41c9,real,509,1197,502,695,3325.2,19.5,1151,0.962,0.419,0.568,2163.9,16,no,no,0.000
92573a687dea02aa06aaf879b3786ac2,real,489,1059,479,580,146.3,16.1,1046,0.988,0.452,0.532,69.9,5,no,no,0.000
9267d6260c7974677b663876be3b31f9,real,325,663,324,339,437.7,12.4,658,0.992,0.489,0.508,397.8,3,no,no,0.000
926bc72abea68689dd3fbe5b7859978a,real,444,892,437,455,4400.7,27.4,826,0.926,0.490,0.490,3747.4,8,no,yes,0.000
92ad3657be64433b1aeef26dc0e8af8c,real,884,3700,905,2795,2307.1,23.9,3531,0.955,0.245,0.751,1180.4,18,no,no,0.000
92d1da06d4536650dac71cd33a9dffb9,real,1489,3084,1589,1495,3541.2,57.4,2539,0.823,0.515,0.479,961.6,27,yes,no,0.000
92e48d2811956ccbc19e928d59ad703e,real,1198,2881,1329,1552,3147.9,15.7,2828,0.982,0.461,0.533,1365.9,14,yes,no,0.000
92f450e0ac08559521fbd7fbfc5be49e,real,584,1558,574,984,2224.2,24.1,1480,0.950,0.368,0.619,668.4,38,no,no,0.000
9392564a5d8e7bc60808ec521140ac81,real,113,758,101,657,789.1,21.8,736,0.972,0.133,0.850,302.0,9,no,no,0.000
9430f0e3b2555748cbb25ed971ef0b8b,real,1609,2768,1671,1097,401.0,17.6,2717,0.982,0.604,0.391,277.9,7,yes,no,0.000
94752b5815adaf6ee10ab87d7aa853e6,real,335,700,328,372,1201.8,18.3,675,0.964,0.469,0.514,784.1,10,no,no,0.000
94a57e54cedbc14ea4cefa77173d760a,real,147,1295,135,1160,458.6,17.1,1278,0.987,0.104,0.888,219.9,7,no,no,0.000
94f65b6897eae6f425eb077598624ea2,real,484,1150,469,681,3142.7,20.2,1112,0.967,0.408,0.576,1438.0,17,no,no,0.000
959980316eacf846880191a7745c9d60,real,604,1391,606,785,153.0,11.7,1359,0.977,0.436,0.557,20.8,7,no,no,0.000
95a651fe67ba6904280b63d24e502a9e,real,1127,2980,1145,1835,896.2,25.8,2729,0.917,0.384,0.611,286.5,9,yes,no,0.000
95b241ad9e203c217caf29840962507d,real,340,3027,338,2689,3545.1,20.1,2921,0.965,0.112,0.886,1844.7,33,no,no,0.000
95d2706277aeee3d3e5d6d02503ee396,real,387,1122,391,731,2525.5,348.9,1007,0.898,0.348,0.642,1318.3,29,no,no,0.000
95dba30873f7386df2bbd0bcbceb0b4e,real,113,3660,88,3572,2015.5,29.1,3433,0.938,0.024,0.969,274.4,36,no,no,0.000
963befa2037f44be4c625e567bbb8c89,real,428,963,446,517,1107.3,17.4,925,0.961,0.463,0.530,755.9,10,no,no,0.000
9644ebe476586506096be8362cfd7074,real,1877,3568,2032,1536,2427.2,21.9,3433,0.962,0.570,0.426,1097.6,12,yes,no,0.000
96a1f70c278d5627284b20fd30f8e85c,real,1775,3246,1957,1289,1070.3,47.5,1647,0.457,0.603,0.391,407.4,20,yes,no,0.000
96b336b7034b3084cdbc5b93d0173577,real,60,834,55,779,1035.2,50.2,746,0.894,0.066,0.930,296.5,12,no,no,0.000
9707491eeff372a42d88d50a4fa3c0c5,real,804,1144,827,317,71.9,14.2,1107,0.968,0.723,0.270,10.8,3,no,no,0.000
975d2e40db313304e1e7b7956fcffc37,real,390,1373,395,978,4084.5,20.5,1312,0.956,0.288,0.707,2192.2,17,no,no,0.000
978b48879ddd4eefd1b20ab8a48ceadc,real,783,3123,786,2337,5434.8,152.2,2590,0.829,0.252,0.743,696.4,73,no,no,0.000
97b5b8ca6cecf7e08ec61f7520742fd0,real,1221,15668,1253,14415,3638.8,31.0,13608,0.869,0.080,0.919,713.3,61,yes,no,0.000
97f7dac72b42be9c75273e201dfd6a0a,real,71,223,58,165,171.4,8.7,220,0.987,0.260,0.682,122.0,4,no,no,0.000
97fbccec0ed8a3da48819d55bafcbe07,real,177,896,172,724,626.7,6.5,890,0.993,0.192,0.794,524.7,4,no,no,0.000
98469f340713931130a3ea3f73add953,real,741,2465,756,1709,4084.7,15.3,2408,0.977,0.307,0.688,3524.7,12,no,no,0.000
9872e79b72769b6797ccf48809f0e090,real,219,5186,195,4991,2816.7,169.2,1432,0.033,0.038,0.957,626.2,44,no,no,0.000
9891251a179e1c7806ed2bfd8ec92a3b,real,3037,8357,3337,5020,3312.4,142.8,5650,0.677,0.399,0.597,531.4,62,yes,no,0.000
989e3847fb0efa7e217004dec377e3f8,real,319,473,316,157,72.1,10.9,457,0.966,0.668,0.313,18.8,4,no,no,0.000
98c90e84a579c843878823eab995b22a,real,17,230,14,216,411.0,28.1,189,0.822,0.061,0.935,236.0,7,no,no,0.000
98cab32afe723a466fd75fd6aeaf4684,real,3932,14572,4105,10467,2498.7,17.4,14344,0.984,0.282,0.717,882.6,15,yes,no,0.000
99790de38a7e82ab5cb545c7ef16cb4c,real,1280,2313,1369,944,241.6,11.4,2286,0.988,0.592,0.404,127.5,6,yes,no,0.000
99a9e515895b5d899de8732712fb3fff,real,1201,3874,1209,2665,1139.9,27.9,2201,0.572,0.312,0.686,635.6,13,yes,no,0.000
99ff38bef71c9c2e5ccb35bc784b3909,real,155,3254,144,3110,2092.5,15.5,3166,0.973,0.044,0.951,1123.8,17,no,no,0.000
9a2354acfd039b747370055036075e6b,real,472,1903,478,1425,1553.7,12.8,1877,0.986,0.251,0.741,376.8,13,no,no,0.000
9a27b989a49b17c945c209f62235ed87,real,744,5995,733,5262,2956.1,19.7,5841,0.974,0.122,0.874,764.5,22,no,no,0.000
9a2f14029ea77805308e8604d1df57ac,real,219,350,224,126,31.0,8.5,347,0.991,0.640,0.351,5.7,2,no,no,0.000
9aa84ffb039eb2a45a1eea4741d3d939,real,24,2489,15,2474,3839.8,76.2,2171,0.872,0.006,0.986,2124.2,40,no,no,0.000
9aadf71b34997584957ef3b7af7f5f50,real,206,1371,192,1179,2163.1,42.7,1277,0.931,0.140,0.846,349.6,32,no,no,0.000
9ab8665d90462bad3f55213a12361786,real,248,542,244,298,72.2,28.9,498,0.919,0.450,0.533,17.3,4,no,no,0.000
9ad50666df2cc4fba29f0c543769f081,real,333,1283,325,958,495.4,23.5,1228,0.958,0.253,0.736,244.8,9,no,no,0.000
9ae9424b9ac6db3da47019f53f1fbc49,real,698,1585,689,896,1917.1,22.7,1517,0.957,0.435,0.553,561.9,18,no,no,0.000
9b030fa07c02b4cb5ea5b7131efe8400,real,838,2025,920,1105,3026.6,72.2,1894,0.935,0.454,0.536,374.0,52,no,no,0.000
9b12ef7f8d7126238326f8e1deefad9e,real,292,1035,287,748,449.1,17.1,1005,0.971,0.277,0.712,234.1,8,no,no,0.000
9b30e3a60277b55dc4ce99af51bc18fc,real,344,752,337,415,283.8,14.3,738,0.981,0.448,0.537,94.5,5,no,no,0.000
9b4ba48feacd3640ad93023c8f55f3e8,real,1976,7627,2368,5259,3056.5,38.1,5790,0.759,0.310,0.686,612.5,33,yes,no,0.000
9b87d4e401593bd8245103b73bf590f1,real,123,349,112,237,2765.7,61.2,313,0.897,0.321,0.625,2044.6,11,no,no,0.000
9b8d139962ff12abc8928ff95e964a46,real,853,3050,851,2199,3890.1,51.9,2819,0.924,0.279,0.714,443.2,53,no,no,0.000
9b9d573a6c1bfdd751a4ab0ad9d5e043,real,892,2466,890,1576,3179.1,19.1,2374,0.963,0.361,0.632,1379.3,11,no,no,0.000
9bca6cf2bf171dff80cfa504d9101dee,real,1309,2461,1340,1121,2464.0,14.0,2396,0.974,0.544,0.451,985.6,22,yes,no,0.000
9bee81e752a842726562e045d4762521,real,363,624,355,269,65.4,15.8,613,0.982,0.569,0.412,10.4,3,no,no,0.000
9c47de689b60bc26504c7e35c79054c0,real,1697,3579,1846,1733,1443.0,10.2,3550,0.992,0.516,0.483,469.5,10,yes,no,0.000
9c50c63e5077ffaa15e94bc29cefc584,real,872,1993,873,1120,3653.0,20.1,1927,0.967,0.438,0.555,2292.4,16,no,no,0.000
9c694c205c0c7c1546ccfb8535ef9d2d,real,133,388,122,266,197.2,17.5,382,0.985,0.314,0.660,106.1,4,no,no,0.000
9c856723efcddb232b01f70e49429ed9,real,400,1044,388,656,950.8,17.1,1006,0.964,0.372,0.613,359.9,11,no,no,0.000
9ce3a3e36b865256c66c2eb527d26e34,real,272,1149,294,855,1475.4,15.1,1100,0.957,0.256,0.731,827.0,15,no,no,0.000
9d331a1afeefc15fc43d6980eee7d102,real,360,769,366,403,821.6,28.4,720,0.936,0.476,0.521,518.6,5,no,no,0.000
9d53fbe166b718449f4005fb804348ce,real,423,910,410,500,1675.1,20.2,867,0.953,0.451,0.531,949.3,9,no,no,0.000
9d5676cb54b302f45d0a5e463adfff90,real,316,3021,326,2695,1516.1,16.9,2977,0.985,0.108,0.887,1160.9,10,no,no,0.000
9db5bc7846917bf198c2ed138dbc4c26,real,128,2668,134,2534,572.6,8.0,2642,0.990,0.050,0.943,336.1,9,no,no,0.000
9def45abf16b24eda734374c6bab1327,real,1109,2167,1178,989,184.4,22.1,2138,0.987,0.544,0.450,62.0,6,yes,no,0.000
9e1b25a369d5591d09240a246073b875,real,475,798,475,323,91.8,15.7,777,0.974,0.595,0.393,12.4,4,no,no,0.000
9e4de9655071e3fedb76e93a7c26f5b5,real,376,1722,377,1345,1096.2,16.9,1677,0.974,0.219,0.771,356.4,16,no,no,0.000
9e59860a15f412b2c9c0c80c3dfe7ed8,real,1386,2218,1473,745,203.4,6.0,2198,0.991,0.664,0.334,40.6,8,yes,no,0.000
9e6693f361f5b3ad1353ab63479c84c0,real,624,1713,623,1090,151.8,12.8,1664,0.971,0.364,0.629,49.0,6,no,no,0.000
9e6a28e02dec0fd4a0a1eafb6ed85154,real,974,2471,1013,1458,1671.1,8.7,2441,0.988,0.410,0.585,1185.0,8,no,no,0.000
9e7c5da01e49f66418df3589ddcf672f,real,309,1394,297,1097,480.1,90.6,1196,0.858,0.213,0.773,126.2,14,no,no,0.000
9ea6f7c85d77d47c8a027f911f8d69f0,real,644,1346,641,705,352.1,15.0,1326,0.985,0.476,0.515,260.9,5,no,no,0.000
9f01ad9617d980ed4be33863877aa20e,real,1129,3723,1259,2464,1210.3,9.2,3676,0.988,0.338,0.659,339.8,15,yes,no,0.000
9f08482c43f5a179bebffe60240f4ec9,real,1168,6272,1168,5104,1090.5,19.4,6114,0.975,0.186,0.810,509.0,13,yes,no,0.000
9f1e2f19d150e6283a31f2351e7eeca0,real,179,1483,169,1314,746.3,18.0,1426,0.962,0.114,0.877,304.6,11,no,no,0.000
9f45b8ac92f7c15a9fe5f5c6cc3a46e9,real,1075,3023,1069,1954,2337.0,51.0,1856,0.205,0.354,0.639,1536.9,19,yes,no,0.000
9f906dc41e96f581bb1eab386ae2aa29,real,1532,9551,1554,7997,4803.2,16.5,9293,0.973,0.163,0.835,1061.3,41,yes,no,0.000
9ffff5beb3194c98cdbe090c89c1f8e5,real,2117,7389,2328,5061,1177.4,35.9,6597,0.893,0.315,0.682,95.1,40,yes,no,0.000
a01c1b14c463c5727c0d8a46f893c102,real,238,485,239,246,59.2,17.1,461,0.951,0.493,0.497,14.9,3,no,no,0.000
a0375ea3f1ef41e3942814156012ebce,real,281,614,272,342,2119.9,14.7,603,0.982,0.443,0.534,982.0,10,no,no,0.000
a07e12c7863ceb9bb9336b28286ef183,real,1183,2985,1288,1697,3921.3,14.0,2901,0.972,0.431,0.563,2200.0,25,yes,no,0.000
a185c0a58f813bdbf4981947a755cd97,real,442,1084,427,657,247.9,8.9,1072,0.989,0.394,0.590,144.3,4,no,no,0.000
a1bbf205a8f5c812b9b69ba5c3c7c91b,real,2315,4281,2739,1542,2288.8,18.6,4163,0.972,0.640,0.356,760.5,21,yes,no,0.000
a1bfc7b05f50b246e91b4342397055ed,real,539,2328,545,1783,1812.0,18.8,2234,0.960,0.234,0.762,961.0,13,no,no,0.000
a29aee4b15d378bea2543b62268cade4,real,490,1726,476,1250,5282.7,388.0,1477,0.856,0.276,0.714,1795.6,70,no,no,0.000
a2ada1a47dcfe8cda61e9b8682c608bd,real,602,5245,594,4651,4762.5,165.8,1897,0.362,0.113,0.882,677.9,64,no,no,0.000
a2db943d9e754fa961b9c711fb8c11c8,real,921,1884,918,966,2720.7,13.0,1838,0.976,0.487,0.503,1138.4,12,no,no,0.000
a39291e8364a8d1498378f01e82db6b8,real,494,1099,492,607,147.9,21.3,1069,0.973,0.448,0.540,41.6,7,no,no,0.000
a3ecf761363a6bda94c5f479b444e40d,real,88,141,85,56,509.7,22.9,135,0.957,0.603,0.355,276.0,5,no,no,0.000
a3edf72ce3a6df97512d465524fdc2c0,real,2078,5445,2219,3226,4642.1,23.7,5184,0.952,0.408,0.590,719.1,47,yes,no,0.000
a400087efd6e6c9543525e9b307e1a0f,real,134,207,121,86,26.1,8.9,205,0.990,0.585,0.357,5.5,2,no,no,0.000
a4303f859d51de663481a5fd41e7270f,real,1199,2089,1278,811,1137.1,7.3,2064,0.988,0.612,0.382,776.2,7,yes,no,0.000
a46e9b31c6bf23e65ae8a9a3f4e8c8ed,real,51,4631,29,4602,4239.8,27.6,4258,0.920,0.006,0.989,1229.0,39,no,no,0.000
a49b9083e0a5c68ea3ab474ffd635adb,real,604,2003,597,1406,1120.7,19.9,1935,0.966,0.298,0.692,428.5,9,no,no,0.000
a49f84736d87f055e2d0f7414b1e5492,real,458,940,451,489,746.8,9.8,927,0.986,0.480,0.504,330.6,9,no,no,0.000
a4bb3f35862c409e4a56d5c17e6d36d7,real,85,5867,129,5738,1998.9,15.7,5753,0.981,0.022,0.975,848.8,22,no,no,0.000
a4e24c6731d027581b7c0f068f9dddcf,real,1393,4359,1572,2787,717.8,27.5,4046,0.928,0.361,0.635,185.1,16,yes,no,0.000
a53eb1a3db900376028cbb57fa29efc6,real,265,760,282,478,268.6,11.2,752,0.989,0.371,0.624,83.2,5,no,no,0.000
a5689593e3f8fda6880325816ca97b8e,real,300,719,295,424,441.2,7.5,710,0.987,0.410,0.577,308.4,6,no,no,0.000
a57e0e115bfcd0b91a4f59f5cf108e0a,real,403,1346,412,934,530.3,10.7,1307,0.971,0.306,0.688,205.9,10,no,no,0.000
a5f865e7214d6ff97da2ece452801847,real,241,503,233,270,62.3,7.7,495,0.984,0.463,0.517,20.3,3,no,no,0.000
a6de557dbb49f4d9f2bce859dc44afb7,real,1511,6642,1528,5114,2799.0,49.2,6085,0.916,0.230,0.766,403.3,50,yes,no,0.000
a756d23246f5384e6c91422eabe4d147,real,3484,7592,3711,3881,1279.5,13.1,7422,0.978,0.489,0.509,313.9,23,yes,no,0.000
a77b06f13f020766a80aa7b13a5efb05,real,489,1466,486,980,1921.7,68.4,1294,0.883,0.332,0.663,1268.9,12,no,no,0.000
a7fd3d9f1077dced004fcda23ee8f123,real,666,1528,672,856,1867.0,19.0,1475,0.965,0.440,0.548,999.4,14,no,no,0.000
a7fdd907586a3fdb6ca6d18e5ce5db9f,real,236,542,233,309,168.1,25.1,511,0.943,0.430,0.557,46.9,7,no,no,0.000
a80d552ecf851d77c1b111ffd629b07c,real,174,596,163,433,1176.6,17.9,577,0.968,0.273,0.708,833.7,10,no,no,0.000
a85b2696ac6d33ca6e0cb44abab96775,real,239,634,232,402,323.8,14.9,618,0.975,0.366,0.620,131.5,8,no,no,0.000
a88db6ef56a3f249b102fcf6c4c3145b,real,470,1036,454,582,1094.0,11.0,1002,0.967,0.438,0.542,413.2,13,no,no,0.000
a897f1ad08bd7853cff5836b20eb87b9,real,316,793,305,488,441.5,24.2,753,0.950,0.385,0.598,295.3,7,no,no,0.000
a8da6302626f9f9d33aadea3185f6b8f,real,470,1060,470,590,4002.2,11.2,1046,0.987,0.443,0.542,3787.8,5,no,no,0.000
a8db0b98188b7e93bbaf1db67587a4eb,real,1049,2160,1102,1058,1828.3,19.8,2105,0.975,0.510,0.482,602.0,15,yes,no,0.000
a8e332f362fedb43364d8f0e83aaa0d9,real,1090,2244,1187,1057,3285.8,25.0,2125,0.947,0.529,0.469,1783.2,9,yes,no,0.000
a9017f52784bef5f65af7061b5441182,real,2521,7419,2589,4830,991.0,16.9,7284,0.982,0.349,0.648,241.9,19,yes,no,0.000
a9cb872490c93a1b413a5b5269165e34,real,710,1905,713,1192,1489.0,18.6,1854,0.973,0.374,0.617,565.2,14,no,no,0.000
a9dc9d6280693096e22d30f5c4ebc68c,real,1411,5927,1487,4440,5206.3,136.6,2871,0.485,0.251,0.746,823.1,82,yes,no,0.000
aa2c6b76cafaa67d89a341508ecd7659,real,148,1527,133,1394,1725.2,22.1,1458,0.955,0.087,0.901,630.9,15,no,no,0.000
aa696eb4434ba6ab789b72d1a9dfb416,real,236,534,231,303,944.1,41.1,487,0.912,0.433,0.547,711.1,7,no,no,0.000
aae01d76732756d1a6d1cd7e8e86e259,real,332,867,328,539,368.9,15.0,834,0.962,0.378,0.610,212.9,7,no,no,0.000
aaf103b6989c10392c29c42557343f6f,real,999,5279,998,4281,4287.0,22.8,5042,0.955,0.189,0.806,1952.8,22,no,no,0.000
ab079f6031e4ba489585bfc77f531d87,real,638,1369,647,722,1298.1,7.0,1356,0.991,0.473,0.522,1079.6,8,no,no,0.000
ab378f6893937655b1c955fdf5eaaeff,real,1918,2564,1954,610,90.3,10.8,2537,0.989,0.762,0.232,18.3,4,yes,no,0.000
ab6e805c11c248d36770571baba1f0f0,real,344,858,339,519,973.5,9.1,849,0.990,0.395,0.597,721.3,7,no,no,0.000
ab912af367eae586d644220ef527c5f2,real,651,1328,646,682,3910.6,30.7,1242,0.935,0.486,0.501,2800.6,19,no,no,0.000
abb6a0f44ad41240d2985a4d244b70a4,real,446,1055,444,611,2030.7,13.3,1039,0.985,0.421,0.562,1571.0,7,no,no,0.000
abb72470beb007514f8563b30d53f0df,real,363,9735,345,9390,3299.3,26.1,9154,0.940,0.035,0.962,822.1,42,no,no,0.000
ac0f17a7f01382cf6d8a9a97145fc2d1,real,553,3552,544,3008,2355.6,39.7,3303,0.930,0.153,0.842,596.6,37,no,no,0.000
ac2e761f45837659ca4f7217c35001a0,real,213,381,210,171,95.5,28.0,358,0.940,0.551,0.438,13.8,4,no,no,0.000
acc819abd11b51a29930373524a11034,real,287,802,280,522,101.4,25.5,754,0.940,0.349,0.640,51.8,4,no,no,0.000
acdcb9e1a768086858dbbb800b943bca,real,581,1238,573,665,497.2,25.8,1161,0.938,0.463,0.522,142.6,13,no,no,0.000
acf00d74a4be7f1645de5225334f4433,real,342,2703,341,2362,4084.6,64.0,2338,0.072,0.126,0.869,1310.2,33,no,no,0.000
acf9cd8d7c5b4a6e687734998070abcc,real,406,946,408,538,660.9,9.1,929,0.982,0.431,0.559,566.0,5,no,no,0.000
ad3d23356e895babc51e83bacfbdb2eb,real,738,2109,749,1360,788.2,28.9,1967,0.933,0.355,0.640,240.1,12,no,no,0.000
adb601a8a6a34ae129e446895055af59,real,1160,2966,1226,1740,1579.0,21.9,2827,0.953,0.413,0.580,619.6,16,yes,no,0.000
adf28ca30d8fc1b34f11e340a31bd599,real,300,683,298,385,50.3,13.9,679,0.994,0.436,0.558,12.7,3,no,no,0.000
adf5a3a9638fa9f0211cc12549a63d0f,real,100,771,85,686,420.6,9.3,755,0.979,0.110,0.872,188.2,6,no,no,0.000
adff0c264a442e51006b851965258829,real,533,994,537,457,54.7,8.6,982,0.988,0.540,0.449,10.8,3,no,no,0.000
ae148fe780997a740f1f8547331275c4,real,765,3420,756,2664,4494.8,84.3,2713,0.793,0.221,0.773,794.3,49,no,no,0.000
ae3ae8fd5c144db39b556ae53013f1ce,real,710,1837,712,1125,1440.1,24.6,1732,0.943,0.388,0.603,691.5,13,no,no,0.000
ae60a9fa4b21510804b8e82e3489e00b,real,401,872,395,477,2850.6,27.9,815,0.935,0.453,0.532,857.4,18,no,no,0.000
ae70ccd50249fc7b9644cb4a158f98f6,real,157,161,161,0,3.4,1.4,161,1.000,1.000,0.012,1.1,1,no,no,0.000
af3b2e3fbf9f4632d50e76b49863547e,real,697,3353,697,2656,3047.5,44.4,2805,0.837,0.208,0.788,1226.6,30,no,no,0.000
afaedd8b3cfe3dafdb6eff2a22686344,real,105,211,103,108,1911.1,7.4,207,0.981,0.488,0.498,1785.3,4,no,yes,0.000
afba7c9511c09c447e8234b72331e430,real,255,786,250,536,111.2,7.2,768,0.977,0.318,0.670,17.5,5,no,no,0.000
b0145456122a535d4815adf5d1bf9b32,real,283,601,284,317,166.4,11.4,597,0.993,0.473,0.522,133.9,3,no,no,0.000
b06971bc100f109e0e60b35e4a842f97,real,435,4691,461,4230,1973.0,28.3,4394,0.937,0.098,0.897,1043.4,19,no,no,0.000
b07a93dd195bce654cbaa64dac4581a9,real,189,389,179,210,1123.0,22.9,370,0.951,0.460,0.509,996.1,6,no,no,0.000
b0bd8de3d960e5bfe8c6740721766441,real,574,1583,611,972,154.1,9.7,1541,0.973,0.386,0.608,28.3,7,no,no,0.000
b0c20b66040edc38fbaaf36ba0eebdd6,real,499,782,497,285,39.9,10.8,779,0.996,0.636,0.349,11.6,2,no,no,0.000
b1163518b2ebf6df8044940781b0bd55,real,1074,2300,1177,1123,1415.3,11.9,2275,0.989,0.512,0.482,438.7,11,yes,no,0.000
b13a197f2fa43e785b2e44dcd31a4268,real,272,628,267,361,1521.7,17.4,607,0.967,0.425,0.554,839.2,8,no,no,0.000
b155e78e8d59c150ff1313fd287b50f9,real,22,541,13,528,391.4,13.3,522,0.965,0.024,0.963,265.8,6,no,no,0.000
b19aedded9ff0c70163cd4632d29bd1d,real,917,2109,973,1136,515.1,21.2,2019,0.957,0.461,0.532,247.4,8,no,no,0.000
b1e23804c7418cea9b21f0e4c511f463,real,1565,2959,1657,1302,1466.2,15.8,2842,0.961,0.560,0.437,393.8,21,yes,no,0.000
b1e5ad3b1491dd9be59b453d873c13f8,real,317,1444,302,1142,3455.8,21.3,1378,0.954,0.209,0.778,1521.8,27,no,no,0.000
b1e6700d02105fcc7c151ce156bc5525,real,319,855,318,537,1101.6,15.5,829,0.970,0.372,0.618,597.2,6,no,no,0.000
b1faee13543f6603a991d9872ae05784,real,111,292,98,194,4704.4,72.4,265,0.908,0.336,0.616,1749.7,15,no,no,0.000
b20f699e418a779f1b2820cc592fd649,real,314,3198,292,2906,4627.8,573.7,2201,0.689,0.091,0.902,638.5,80,no,no,0.000
b2147cc165bb6c59d31482fd4e13e154,real,580,1541,598,943,3526.6,71.0,1277,0.829,0.388,0.601,1823.9,17,no,no,0.000
b25e1bf33fa98e17f7b6c5228c7facc1,real,1276,3139,1397,1742,324.0,6.4,3112,0.991,0.445,0.550,174.0,7,yes,no,0.000
b25f90f0e611d9b9d325dbc5c6d59f3a,real,496,1000,499,501,2971.1,8.8,979,0.979,0.499,0.489,1542.0,5,no,yes,0.000
b30b30abf408e549f49d9e09b5320ab3,real,267,597,253,344,984.2,37.8,540,0.905,0.424,0.543,542.6,10,no,no,0.000
b3181a00e21cd7849999f695d6508e10,real,1326,2484,1363,1121,268.9,6.3,2454,0.988,0.549,0.445,195.1,5,yes,no,0.000
b34b6fc34fd4e817efd4db4d66f7215d,real,464,1750,447,1303,2089.8,25.3,1659,0.948,0.255,0.734,699.9,25,no,no,0.000
b35fd106018eb02719542ae4bb930855,real,363,842,353,489,3986.0,19.4,807,0.958,0.419,0.559,1901.9,15,no,no,0.000
b3d3e7f85e4d1f670c23884a8d312e27,real,1427,2028,1527,501,3426.6,13.8,2008,0.991,0.753,0.243,1187.2,10,yes,no,0.000
b4215fc5a9fc47d37df98e74a0d406e4,real,2330,5809,2547,3262,3074.2,24.4,5466,0.941,0.438,0.559,752.6,16,yes,no,0.000
b4223f3a95554ba38c81f4ddeb619c8a,real,399,1027,405,622,633.5,13.3,1017,0.990,0.394,0.597,561.2,5,no,no,0.000
b46b3851c20b4074166b81ca205ea234,real,253,256,256,0,202.0,7.0,254,0.992,1.000,0.008,169.1,3,no,no,0.000
b47e44541be4f8a3fe3b2f2ecc21bd94,real,575,1294,579,715,1884.3,16.2,1246,0.963,0.447,0.538,750.2,12,no,no,0.000
b54df7c6af0b71e7373c003a326a96c4,real,1106,3329,1264,2065,981.1,40.4,3056,0.918,0.380,0.617,152.3,25,yes,no,0.000
b5b56d791a2e8c23588bc851e8570201,real,505,1637,511,1126,1811.1,10.9,1619,0.989,0.312,0.679,714.5,8,no,no,0.000
b5d51bcab54f3a3b7a0f00fdf709e483,real,776,1823,795,1028,951.2,50.7,1677,0.920,0.436,0.555,507.8,14,no,no,0.000
b6871505cd7ca15e7adda3251d2c126f,real,817,2835,829,2006,5690.2,29.2,2681,0.946,0.292,0.702,744.4,61,no,no,0.000
b7571c924062c1cb270e4f8fc599974d,real,1034,1739,1044,695,2959.2,9.9,1718,0.988,0.600,0.391,2465.2,8,yes,no,0.000
b76021c7b567291a73db2ec8b4d57d5e,real,550,1510,543,967,3359.4,41.1,1386,0.918,0.360,0.628,1078.4,29,no,no,0.000
b774ce8c294740923737227c15ad29a8,real,84,86,86,0,0.2,0.2,86,1.000,1.000,0.023,0.1,1,no,no,0.000
b7b2804e8933af5bb1e7272f1ed439a0,real,837,3256,847,2409,4347.7,8.4,3184,0.978,0.260,0.735,3319.0,14,no,no,0.000
b7e315a34f93b5035b6ef61815c94276,real,330,507,318,189,62.1,14.2,499,0.984,0.627,0.339,25.2,3,no,no,0.000
b7ecbaa57e7818961a4a577b34461fa0,real,2312,3623,2492,1131,319.7,6.5,3608,0.996,0.688,0.309,146.8,5,yes,no,0.000
b7ecf14c0f174576253c4693d78e2751,real,451,935,447,488,718.3,14.1,914,0.978,0.478,0.510,413.7,10,no,no,0.000
b8170ab12cd821d686d1a52ee5e5a51d,real,2447,3092,2544,548,1241.4,15.1,3059,0.989,0.823,0.173,281.3,13,yes,no,0.000
b894884a4e759e5912a94a1ceac1d0dc,real,827,4105,839,3266,4264.0,18.8,3968,0.967,0.204,0.791,671.2,37,no,no,0.000
b8d4f87160437ead1f4d6aa2ea6a2164,real,447,1079,447,632,2973.5,23.7,1030,0.955,0.414,0.574,895.6,14,no,no,0.000
b917dbd267accdfd1a048bc72fe5a223,real,1431,2306,1602,704,72.7,17.3,2272,0.986,0.695,0.301,11.9,4,yes,no,0.000
b91faf01d3c71822d779c4721636ab76,real,1059,2486,1150,1336,1543.0,9.7,2455,0.988,0.463,0.536,643.7,8,yes,no,0.000
b953b52b43c33542eb7f878521f9ba21,real,415,842,414,428,121.0,17.4,818,0.973,0.492,0.505,25.1,5,no,no,0.000
b9693e03b9de84ee9a5c1f8602b7098a,real,385,1067,383,684,130.9,25.7,917,0.859,0.359,0.630,43.1,5,no,no,0.000
b9eb495e98f928b087b9678682918262,real,3058,8225,3271,4954,4266.0,50.4,7318,0.890,0.398,0.599,580.6,76,yes,no,0.000
ba4079f917e9e9565f893ced99abbba8,real,1709,4524,1780,2744,2918.2,14.7,4399,0.972,0.393,0.603,2617.7,11,yes,no,0.000
ba614729a50162b04ab45225ceb3157d,real,414,1098,410,688,1409.7,24.9,1035,0.943,0.373,0.617,1194.8,7,no,no,0.000
ba90d0037a5a429dccb88d91b342dd94,real,41,748,29,719,295.8,4.3,743,0.993,0.039,0.947,201.8,5,no,no,0.000
bab3325e4fdba0df235c066b64d3d250,real,306,1021,304,717,1748.8,30.6,957,0.937,0.298,0.685,890.2,10,no,no,0.000
bb0cc3c370fef222686fd27ab52d82c5,real,745,4920,724,4196,3447.2,103.6,3999,0.813,0.147,0.847,659.9,61,no,no,0.000
bb4e07e27fd168ab190e8bd55d821bef,real,838,3811,834,2977,2059.6,19.7,3657,0.960,0.219,0.777,483.1,22,no,no,0.000
bb53e428cc1e58f4d5f308e35ba24107,real,36,1321,29,1292,2206.5,586.2,1098,0.831,0.022,0.961,636.7,44,no,no,0.000
bb7c55d3770abeea41843d266e4443a9,real,1439,2800,1579,1221,1203.8,17.4,2732,0.976,0.564,0.429,562.0,15,yes,no,0.000
bba04c508146839a1c36cb43f75828ce,real,532,1138,540,598,909.8,24.6,1080,0.950,0.475,0.512,168.4,17,no,no,0.000
bc00eab90acd6a18f47c00234b304a51,real,299,1097,284,813,2902.4,23.5,1043,0.951,0.259,0.723,1632.4,16,no,no,0.000
bc34e379a8462f610002e3ae7c3a5d71,real,210,216,216,0,33.3,7.9,214,0.991,1.000,0.009,8.8,2,no,no,0.000
bca9a2486eed7c48c1abe1dad003aa0c,real,382,872,386,486,143.6,10.7,859,0.985,0.443,0.552,83.2,4,no,no,0.000
bcc49b987fe1e01b0827add105364611,real,495,894,483,411,81.8,5.7,883,0.988,0.540,0.446,34.5,3,no,no,0.000
bd08dd228fdce7a9aeb88412133c9e20,real,877,2610,880,1730,1651.3,13.8,2564,0.982,0.337,0.657,611.2,13,no,no,0.000
bd5e18f81ad5928de3924bf86c008436,real,407,1003,405,598,774.2,26.1,941,0.938,0.404,0.579,290.7,12,no,no,0.000
bd6801990de0f3e4b5f65e2cb5ee4538,real,338,1531,329,1202,684.6,10.9,1498,0.978,0.215,0.775,237.6,10,no,no,0.000
bd7618a0de5bc54e0fd73cbcc38f1336,real,1271,2218,1386,832,289.4,7.8,2187,0.986,0.625,0.369,161.5,7,yes,no,0.000
bd799ab9465804d0e77df880bc3d68e9,real,458,3499,450,3049,4112.6,1802.0,1418,0.405,0.129,0.865,178.3,126,no,no,0.000
bd7ecfcc191da38e61130ee9fc619831,real,184,185,185,0,216.7,36.8,168,0.908,1.000,0.011,162.6,4,no,no,0.000
bd85ccf4128c164f1a4bfc8f36cb0d37,real,243,618,244,374,265.6,8.1,613,0.992,0.395,0.600,183.0,5,no,no,0.000
bdbbde691dcc96f0fd6f7acb0620fa4d,real,1306,3240,1403,1837,446.3,65.8,2991,0.923,0.433,0.562,86.9,15,yes,no,0.000
be147d56c7c91c8e3ea5047220447480,real,1218,3378,1341,2037,857.7,10.3,3280,0.971,0.397,0.597,102.2,19,yes,no,0.000
be1b8e88da7e4182aebff5fb1c1bb79f,real,1680,4822,1781,3041,675.0,15.3,4645,0.964,0.369,0.628,241.3,11,yes,no,0.000
be3d74871a5df3a0da2a98dd32e8469f,real,260,769,257,512,532.6,17.6,754,0.980,0.334,0.651,392.0,7,no,no,0.000
be41406c7f2bbbe6f09f1a00a1451b5c,real,76,326,56,270,951.7,8.4,319,0.979,0.172,0.773,395.8,7,no,no,0.000
be847cd806294f947966419118c6e3a3,real,3206,8962,3522,5440,3234.1,22.7,8577,0.957,0.393,0.606,529.3,26,yes,no,0.000
bf2b7c07b162018529670dc01353d4c7,real,1114,3646,1125,2521,4512.6,215.5,3065,0.841,0.309,0.687,1610.6,35,yes,no,0.000
bf349688c79aa09af7230ed33b76dc12,real,1800,2529,1874,655,945.9,16.4,2488,0.984,0.741,0.253,411.6,12,yes,no,0.000
bf432320eb84ce870e8961b4d8e40ff4,real,386,1638,373,1265,1009.0,24.3,1553,0.948,0.228,0.764,462.0,13,no,no,0.000
bf69618d0463583a9104c13c210bce1b,real,361,1266,350,916,1263.0,22.3,1213,0.958,0.276,0.709,907.4,8,no,no,0.000
bfb252551303a18ec31f367fc4c9b242,real,536,1354,527,827,1715.6,11.9,1322,0.976,0.389,0.598,446.2,15,no,no,0.000
bfb474f7eb9974931a603243b32b8167,real,1188,4444,1249,3195,3653.8,22.1,4254,0.957,0.281,0.717,1152.5,21,yes,no,0.000
bfc226ead046613d833009c66eba3a14,real,971,3702,1303,2399,3722.1,18.0,3543,0.957,0.352,0.643,479.0,38,no,no,0.000
bfcd448636ce12a531abee83f23ad1ee,real,985,4039,1038,3001,4510.5,208.6,2847,0.705,0.257,0.738,501.0,78,no,no,0.000
bff9210847392ad25ae7de1236f86cd2,real,92,301,89,212,79.7,20.4,289,0.960,0.296,0.691,11.7,4,no,no,0.000
c018ec96e221dd27b95d6c0a1bf37ab2,real,183,428,185,243,1756.0,83.2,389,0.909,0.432,0.544,521.0,19,no,no,0.000
c03d03d1df81a88afee2d7482e97f06c,real,539,1972,546,1426,2123.3,96.3,1720,0.872,0.277,0.713,235.3,42,no,no,0.000
c06f6862ecdb492dc341db67a787d31e,real,686,4136,669,3467,3669.1,18.2,4025,0.973,0.162,0.833,1350.7,21,no,no,0.000
c17a87854430d2099fc709b381d47d6a,real,266,7735,252,7483,3138.5,15.9,7522,0.972,0.033,0.965,785.6,27,no,no,0.000
c18102353b7064cec6a6500e5820793d,real,187,559,178,381,1869.6,22.1,540,0.966,0.318,0.657,846.2,13,no,no,0.000
c181e4e22f6986d6ccd5a9a69d0f03d7,real,479,1201,488,713,303.4,21.5,1146,0.954,0.406,0.589,105.9,7,no,no,0.000
c1aeee737979e4a40b587a1db3be10c1,real,408,1073,409,664,85.1,18.3,1046,0.975,0.381,0.611,13.5,4,no,no,0.000
c1d4bc28c0bae57d3de61f13598c2df2,real,370,1196,362,834,664.8,27.0,1126,0.941,0.303,0.684,179.9,14,no,no,0.000
c297c334a7134c17c74671aff8342c55,real,509,1976,506,1470,253.0,12.3,1957,0.990,0.256,0.738,115.9,7,no,no,0.000
c2cda3864fdd475533693b53291a2013,real,36,332,30,302,126.4,17.5,319,0.961,0.090,0.892,41.9,5,no,no,0.000
c33d12e9c70204ba22a6249bef2e04e0,real,91,94,94,0,0.2,0.2,94,1.000,1.000,0.032,0.0,1,no,no,0.000
c34494a90d026256ff32c8c5d4e6b192,real,194,293,200,93,73.8,13.4,288,0.983,0.683,0.270,25.1,3,no,no,0.000
c3a4763c872e542df2eb66fbadf4edce,real,104,172,89,83,72.3,16.6,170,0.988,0.517,0.407,47.7,3,no,no,0.000
c3b65b3b569428440efd48744c37a2fe,real,718,2261,717,1544,1271.2,35.6,1843,0.815,0.317,0.677,418.4,18,no,no,0.000
c3bc2177ef077c7537a0a3c914edfa9f,real,913,1973,946,1027,225.4,13.8,1921,0.974,0.479,0.517,35.5,9,no,no,0.000
c448891a5e049a6977f8fa1fe8434f8b,real,403,1496,395,1101,1991.8,23.8,1424,0.952,0.264,0.722,1002.6,18,no,no,0.000
c4aabbfb8b06ae009f340f4a557971bd,real,553,2073,561,1512,2438.4,26.8,1961,0.946,0.271,0.721,790.6,14,no,no,0.000
c53f4b841f3cb9984841050b72570751,real,117,694,130,564,453.6,24.9,654,0.942,0.187,0.791,233.7,10,no,no,0.000
c55b6fe0624e9d892144a790eb7d7d8e,real,87,531,73,458,2015.3,45.4,473,0.891,0.137,0.834,1456.7,12,no,no,0.000
c57b24494f83721874306d62c587f189,real,1038,5029,1116,3913,1882.1,29.6,4723,0.939,0.222,0.773,714.9,16,yes,no,0.000
c584abc1af38c44b64e90c57f855aed5,real,282,283,283,0,120.8,13.3,280,0.989,1.000,0.007,81.8,3,no,no,0.000
c58aa8663e852839b8e5f00abdaa3b67,real,288,2327,272,2055,3291.3,16.6,2264,0.973,0.117,0.876,891.1,23,no,no,0.000
c58bce7f3e97014dc7c1e83c59aa8b88,real,454,1723,443,1280,2658.7,40.4,1619,0.940,0.257,0.732,354.9,34,no,no,0.000
c591e778d077335da38e0f6ccdb33f8b,real,1511,3806,1688,2118,1034.8,7.3,3703,0.973,0.444,0.552,736.3,8,yes,no,0.000
c5b620f166cb752705f088abadb77af6,real,120,394,118,276,72.8,15.8,383,0.972,0.299,0.698,12.3,4,no,no,0.000
c5f622156aa78fd5ac289225c44de685,real,444,1605,434,1171,2611.9,48.6,1448,0.902,0.270,0.720,1350.5,18,no,no,0.000
c6143b208ee1c523818e461f7d8c4d63,real,184,386,170,216,1125.6,19.9,372,0.964,0.440,0.516,420.1,7,no,no,0.000
c63a7a1b914b728f301a8309377e4323,real,508,3093,505,2588,2350.6,20.8,2987,0.966,0.163,0.833,1029.7,20,no,no,0.000
c6b205d3de08e3aec401a1df9a58be9f,real,401,1081,402,679,4233.8,109.2,997,0.922,0.372,0.614,996.0,40,no,no,0.000
c6b728cb8b47942f9e2e64f5f31fa4cd,real,169,965,160,805,1748.9,38.6,906,0.939,0.166,0.822,516.8,19,no,no,0.000
c6f968c0534214695b8872ef41aa1b4a,real,434,1189,434,755,4149.4,8.4,1160,0.976,0.365,0.625,3833.1,6,no,no,0.000
c7402763d87760e5fd097c7d11357d36,real,799,844,844,0,96.7,6.5,837,0.992,1.000,0.004,25.6,4,no,no,0.000
c74ebaf3823e6f3be7c37f50abec0c02,real,1684,5254,1835,3419,4608.9,26.1,4806,0.915,0.349,0.647,1751.1,26,yes,no,0.000
c764c4d949c8c233cbab93499a52ede3,real,22,175,9,166,578.1,28.0,166,0.949,0.051,0.880,413.8,6,no,no,0.000
c7a9cc76beae5fde28e0249564426f1c,real,3161,7042,3530,3512,3048.7,9.8,6908,0.981,0.501,0.498,1492.2,19,yes,no,0.000
c80000870cccc4a754bed80d43e981d3,real,244,394,245,149,60.8,8.8,391,0.992,0.622,0.360,22.4,3,no,no,0.000
c82cccbddc2d4e10f58a406cc183a661,real,1152,2595,1252,1343,263.6,13.6,2551,0.983,0.482,0.511,132.1,7,yes,no,0.000
c835b0418778238953d34ad7aa27004f,real,1590,7750,3245,4505,2282.2,11.5,7705,0.994,0.419,0.578,1278.4,12,yes,no,0.000
c85185e31cf75ff693da6c0702035ecd,real,202,625,185,440,1559.0,12.8,607,0.971,0.296,0.677,579.8,10,no,no,0.000
c8727c0dadb8ae760d18d76f36a6d51a,real,161,262,157,105,87.1,22.0,255,0.973,0.599,0.385,18.1,4,no,no,0.000
c8a32767d22b9c89de114918d44f919a,real,1478,2757,1600,1157,2030.0,7.2,2712,0.984,0.580,0.416,748.4,10,yes,no,0.000
c8b8acc3910f5a2c0cc818a3cf34f775,real,89,633,74,559,3212.0,122.8,572,0.904,0.117,0.861,1623.7,24,no,no,0.000
c8c0e575a74b30691791f511de634bfc,real,191,1291,190,1101,275.4,18.4,1248,0.967,0.147,0.847,62.4,9,no,no,0.000
c8d9996e11daa96aa7213e7fe36fa78c,real,33,435,16,419,1241.7,73.1,388,0.892,0.037,0.926,215.6,17,no,no,0.000
c8e8c130448d5888194a5b9d7d9d9307,real,1548,4988,1605,3383,730.7,21.7,4876,0.978,0.322,0.673,177.9,19,yes,no,0.000
c8fc9fffb32413f0b9e3a5fecfd6b6e2,real,79,132,70,62,76.5,18.5,128,0.970,0.530,0.379,31.3,3,no,no,0.000
c906549ab6411739e77611cfe738477f,real,1036,2666,1081,1585,4695.1,14.3,2617,0.982,0.405,0.589,1925.4,22,yes,no,0.000
c90bf098abf13d66dfddbe6cb03e8e3c,real,1775,3112,1981,1131,245.2,7.4,3082,0.990,0.637,0.360,70.2,8,yes,no,0.000
c90e38d372bffd7af131f6aed3df4211,real,260,492,261,231,63.3,26.2,458,0.931,0.530,0.459,11.3,3,no,no,0.000
c94f0bba0fb9d272cfb7b22d77b6af64,real,331,1721,319,1402,1017.0,9.0,1687,0.980,0.185,0.807,271.5,12,no,no,0.000
c95bbc8e62f968d18e1362462e7568c0,real,1258,4574,1324,3250,748.0,17.6,4474,0.978,0.289,0.706,190.8,14,yes,no,0.000
c960da4019f17abfe62a78c85e9ed55b,real,1605,3902,1653,2249,4584.4,82.9,3375,0.865,0.424,0.570,624.5,74,yes,no,0.000
c9b88237de9d7e36c50bad2bd7eee12a,real,178,2416,163,2253,2739.3,49.7,2229,0.923,0.067,0.926,623.5,39,no,no,0.000
c9bdee1ffd4fc2dce6b03c3bcb767754,real,148,300,147,153,140.2,18.2,295,0.983,0.490,0.507,67.3,4,no,no,0.000
c9ee77150a2790ff16b64ee2b18a7bb8,real,84,156,77,79,40.0,9.0,154,0.987,0.494,0.423,8.7,2,no,no,0.000
c9f30944ffc12a3df104f8efa5f74020,real,1019,2146,1079,1067,791.4,92.7,1875,0.874,0.503,0.488,106.3,26,yes,no,0.000
c9f826a7ff2982fe70db1c06eec972df,real,257,784,250,534,673.8,12.9,769,0.981,0.319,0.667,368.7,8,no,no,0.000
ca1508b6366bfabf91d2ae4833f543df,real,395,1123,392,731,620.3,109.9,955,0.850,0.349,0.645,481.8,7,no,no,0.000
ca225cdb62cbb5b0100bf5ed8811561c,real,391,1553,380,1173,3071.1,45.4,1454,0.936,0.245,0.744,700.7,29,no,no,0.000
ca2296b84a4e868b7eeffac6d28d6c6f,real,15,138,0,138,1093.2,276.7,104,0.029,0.000,0.906,313.4,17,no,no,0.000
ca2cfdd340907f9cb06d8a52e4d464dd,real,342,350,350,0,108.2,9.8,339,0.969,1.000,0.006,28.0,5,no,no,0.000
ca39205a9b4d4c48d4b0a54c220e30ff,real,1243,2746,1287,1459,1294.6,30.6,2571,0.936,0.469,0.525,289.3,15,yes,no,0.000
ca47b6ba2e1977ca72f6d80b385fc3a0,real,30,393,13,380,3285.5,478.2,331,0.842,0.033,0.929,682.7,28,no,no,0.000
cad65d50acc3f66618f3f21b7a357413,real,775,2287,766,1521,3366.5,31.3,1833,0.802,0.335,0.655,2344.7,14,no,no,0.000
cb15c10baa655de7e7baca9486b9aba8,real,182,326,173,153,78.7,8.8,321,0.985,0.531,0.423,23.6,4,no,no,0.000
cb3b1576b7229f233d1abca276db6934,real,1004,8314,987,7327,1218.2,16.2,8109,0.975,0.119,0.878,360.9,33,yes,no,0.000
cb4ae38acf1e33617176f8d25ba85adb,real,8,253,0,253,85.9,17.8,247,0.976,0.000,0.972,22.5,4,no,no,0.000
cbd61b12cd8b34d04b1a4b828c1bc6bd,real,592,1270,599,671,178.3,10.3,1242,0.978,0.472,0.527,97.3,5,no,no,0.000
cbf5a7fa265b5b233ef5121de31f20ad,real,2917,7515,3308,4207,335.5,11.7,7469,0.994,0.440,0.558,155.4,9,yes,no,0.000
cc099f967c28d0c3fed9d06f77278f98,real,292,501,294,207,49.6,16.2,497,0.992,0.587,0.411,13.3,3,no,no,0.000
cc5f73cec3e6c75ce1c91d74c1af6dc6,real,277,610,263,347,1312.6,16.7,590,0.967,0.431,0.541,620.1,10,no,no,0.000
cc915b6215f584ca7c66fe8f5eec1d9b,real,688,2052,687,1365,5531.3,98.9,1856,0.904,0.335,0.656,828.7,46,no,no,0.000
cdc4a5aa7a314508815c0fe89d4213d1,real,290,575,283,292,1998.8,12.0,559,0.972,0.492,0.489,1927.0,4,no,yes,0.000
cddc2c6406053afafc460651f312c249,real,1091,1755,1160,595,169.9,7.3,1733,0.987,0.661,0.335,57.4,6,yes,no,0.000
ce94fa9d1f745aa59c40638075a5dcbd,real,194,459,188,271,676.0,25.4,436,0.950,0.410,0.551,367.0,9,no,no,0.000
ce9d70844789c4c45f783ec88fe9f171,real,1477,3663,1585,2078,582.3,67.3,3392,0.926,0.433,0.563,105.3,18,yes,no,0.000
cf3517509e1ac8a770dbe81842590317,real,845,1945,859,1086,183.0,11.7,1909,0.981,0.442,0.555,64.7,5,no,no,0.000
cf46f6e03e8b97ed2f41ebdd2a857b31,real,567,1605,575,1030,503.5,21.6,1546,0.963,0.358,0.639,395.4,5,no,no,0.000
cf56627aebe74ef7041e2852c50ca807,real,1894,19383,1920,17463,1659.2,21.9,18562,0.958,0.099,0.900,419.7,33,yes,no,0.000
cf8b4890744250c5338a8b3a4d51554f,real,2097,3235,2263,972,314.4,6.7,3209,0.992,0.700,0.297,128.3,7,yes,no,0.000
cfb6b52a29e42f5dd4e0ba2bca4776bf,real,327,587,328,259,47.1,9.4,581,0.990,0.559,0.438,13.5,2,no,no,0.000
d00464a146bfbdc5d384d003c623dae7,real,1458,3323,1520,1803,3776.1,20.6,3232,0.973,0.457,0.538,1439.5,18,yes,no,0.000
d00f34f862b541980cd0a90d6dd970d7,real,127,309,137,172,124.7,47.2,265,0.858,0.443,0.528,49.8,5,no,no,0.000
d02e7f18824a96d90f88e4d2e6364a66,real,469,1044,465,579,638.1,18.5,1018,0.975,0.445,0.543,214.2,8,no,no,0.000
d03256829957e849345a13a895a848c0,real,1448,2098,1498,600,335.3,11.3,2051,0.978,0.714,0.281,141.8,8,yes,no,0.000
d06d08584ae7bb03adf1f25721bc62fc,real,310,7494,298,7196,959.4,24.0,7057,0.948,0.040,0.957,114.9,26,no,no,0.000
d07747944b98eac788feaccae3eb1629,real,839,2153,841,1312,392.5,18.4,2103,0.977,0.391,0.603,197.5,6,no,no,0.000
d08c4cf3e7de463190c0549785a2b1ec,real,1069,2698,1146,1552,353.0,17.2,2610,0.967,0.425,0.569,66.8,12,yes,no,0.000
d21e7de9119bd42afed60daa27fd75e3,real,1709,2870,1886,984,802.7,6.5,2844,0.991,0.657,0.340,382.2,11,yes,no,0.000
d22c36beae1d4c9d9dee4735af40981d,real,61,278,59,219,154.4,9.3,272,0.978,0.212,0.777,106.2,4,no,no,0.000
d23515702112b3cfd16f14ad30fa5e5e,real,280,638,267,371,109.8,12.1,619,0.970,0.418,0.556,42.0,4,no,no,0.000
d28c68a1babafdec4bd050e43a29b3ee,real,444,809,466,343,78.9,14.7,792,0.979,0.576,0.419,11.2,4,no,no,0.000
d2fb013d4fcc3791e886f4c1b70e4a52,real,839,4469,832,3637,1010.3,19.4,4333,0.970,0.186,0.809,332.6,15,no,no,0.000
d2ff50561eb814670f33267bccc16c26,real,207,1706,194,1512,1829.8,22.2,1649,0.967,0.114,0.877,715.6,11,no,no,0.000
d32a318b73cbf5b769149fd8f79c944f,real,153,153,153,0,12.9,5.2,153,1.000,1.000,0.013,2.4,1,no,no,0.000
d3eec5479a04ec2c8340eab52b9f7097,real,364,1123,359,764,823.7,10.1,1102,0.981,0.320,0.668,286.1,10,no,no,0.000
d459d2fd4250f1feb26228f2444f2040,real,386,909,396,513,1177.5,27.1,813,0.894,0.436,0.559,810.5,5,no,no,0.000
d4b98992a3aeb65556ce12b244e61798,real,318,796,307,489,2393.5,24.3,756,0.950,0.386,0.595,1101.8,13,no,no,0.000
d4be9fb7556ab415674af28060aff576,real,148,469,142,327,250.3,31.3,436,0.930,0.303,0.676,91.2,7,no,no,0.000
d4e8d540b6278d768f67a99ef05f25d2,real,58,3505,43,3462,592.8,6.2,3479,0.993,0.012,0.984,373.1,7,no,no,0.000
d52dc647ee0854bd94e693406cbaa8a2,real,506,898,505,393,67.7,14.8,885,0.986,0.562,0.431,14.9,3,no,no,0.000
d5563ae8e51f760963d583ca392cf9e1,real,41,316,30,286,318.7,21.5,303,0.959,0.095,0.861,240.7,5,no,no,0.000
d5b252e229cceae7a983d4926b0d1a06,real,258,260,260,0,87.3,14.3,259,0.996,1.000,0.012,64.4,2,no,no,0.000
d5d752ebcb569ba0b097122c86fa4ab7,real,279,2239,281,1958,3961.5,45.1,1775,0.794,0.126,0.871,2085.5,16,no,no,0.000
d5e8f08a786da29bb84e35b2b46dc2d2,real,259,560,267,293,191.3,22.6,537,0.959,0.477,0.511,80.2,6,no,no,0.000
d6466b53c78f7c0f21f7d5369519b30a,real,262,905,254,651,1969.5,33.2,844,0.933,0.281,0.698,416.8,18,no,no,0.000
d649107aed88e0a7330ce6d486d4a9f4,real,45,1013,28,985,464.9,9.9,990,0.977,0.028,0.957,218.0,6,no,no,0.000
d64fdf9df8221cb4219ac8cb45e05362,real,276,767,268,499,1200.1,16.9,745,0.971,0.349,0.639,740.5,9,no,no,0.000
d65d7dfbda736de14f3f34a5602011da,real,357,1043,347,696,729.5,22.8,995,0.954,0.333,0.654,499.7,9,no,no,0.000
d6824ac2db01923d758386efcec7f4b4,real,363,2137,359,1778,5351.9,92.6,1915,0.896,0.168,0.826,2098.6,38,no,no,0.000
d68eb1fc379e01c51ed319e083a5f5a5,real,1557,3177,1612,1565,812.6,18.4,3122,0.983,0.507,0.487,236.6,12,yes,no,0.000
d6c8951dcbd145a339a29ed17e0eeb0e,real,1005,2323,1106,1217,1530.2,13.1,2257,0.972,0.476,0.517,776.1,9,yes,no,0.000
d6e0225618beea5a2e74068d667a7de2,real,954,2100,982,1118,900.0,25.8,1984,0.945,0.468,0.525,386.5,13,no,no,0.000
d70028f4810ce0f49bd45bfa6b73eb3f,real,916,3178,953,2225,727.7,27.8,2982,0.938,0.300,0.696,264.0,14,no,no,0.000
d757effa4f8d399363e5d20cf369ecee,real,211,650,208,442,1192.0,24.5,615,0.946,0.320,0.665,1097.5,5,no,no,0.000
d7bf05606c8ee5dc51c2455df655cf49,real,148,352,134,218,107.6,41.3,328,0.932,0.381,0.562,14.6,5,no,no,0.000
d80af085c135a0a11ee1f53f78621eaf,real,333,650,339,311,73.7,7.2,647,0.995,0.522,0.474,40.5,3,no,no,0.000
d816053f6862b57b47604f2937ce6c02,real,349,935,339,596,578.9,29.1,798,0.856,0.363,0.619,452.5,7,no,no,0.000
d81ab856d1d33d2f94cf465cf9d94c20,real,455,555,555,0,460.0,316.7,454,0.818,1.000,0.029,45.8,19,no,no,0.000
d827b48fd6ffde83d79a008d615669db,real,1386,4044,1805,2239,4031.1,56.5,2463,0.609,0.446,0.549,680.5,36,yes,no,0.000
d83a932c90618975d1073ab148ba176b,real,185,801,172,629,152.1,7.1,784,0.979,0.215,0.762,70.2,5,no,no,0.000
d85355d03b1f3ab947ce9c1b46dd04d7,real,165,837,159,678,125.6,21.4,808,0.965,0.190,0.798,24.5,6,no,no,0.000
d889af88f49f6ca7d9808f020b41f624,real,785,1142,833,309,93.7,9.5,1121,0.982,0.729,0.263,11.3,4,no,no,0.000
d8932f9d2bfe842b0d42030e93ede904,real,1072,1641,1152,489,386.7,8.2,1625,0.990,0.702,0.295,322.6,4,yes,no,0.000
d897b8ffe025f2a96851b21ff93ac2ba,real,1127,4102,1181,2921,4890.6,25.7,3875,0.945,0.288,0.707,2265.4,47,yes,no,0.000
d8d1037f41de98a205a934c77b553a69,real,315,497,315,182,85.8,17.6,484,0.974,0.634,0.356,25.8,4,no,no,0.000
d8d860ab946d651cf36246b3ee5ed414,real,1683,4100,1803,2297,882.2,7.5,4048,0.987,0.440,0.557,345.5,9,yes,no,0.000
d8e06a915b646fbbb9b06b5957cb5b86,real,1995,5530,2175,3355,2294.2,11.6,5402,0.977,0.393,0.604,887.1,18,yes,no,0.000
d9060a6fb07137642fb31e76dbfdd806,real,65,1953,43,1910,1641.8,41.8,1818,0.931,0.022,0.967,787.8,12,no,no,0.000
d90779cf9faf654a35cd54fac421fcfd,real,104,4716,81,4635,3937.4,16.1,4546,0.964,0.017,0.978,642.6,34,no,no,0.000
d9099496a7435ef47ada55f1dbec9f2b,real,3278,7471,3420,4051,1129.5,11.6,7347,0.983,0.458,0.540,322.3,16,yes,no,0.000
d909c0854c406ec9aa953c2bcfa92964,real,17,178,0,178,147.3,53.0,157,0.882,0.000,0.888,50.6,6,no,no,0.000
d929d40c4cddd2ff9093ed0e0864581f,real,382,398,398,0,4295.2,187.7,274,0.688,1.000,0.008,1455.0,21,no,no,0.000
d99c797d0af4c6f8826e8892e821ae39,real,139,642,129,513,861.8,29.1,568,0.886,0.201,0.782,187.9,12,no,no,0.000
d9c6c578d3c4b45df61913434c0cbcb5,real,436,936,429,507,889.5,11.2,918,0.981,0.458,0.526,449.5,7,no,no,0.000
d9f3a462df7de858d274b23ed61345c2,real,661,1970,658,1312,709.8,10.6,1937,0.983,0.334,0.659,343.9,10,no,no,0.000
da3ed15700a56e3065c10bbd88fb2d97,real,521,3216,511,2705,1862.8,17.9,3120,0.970,0.159,0.836,252.1,30,no,no,0.000
db97d722105a80f170100468676ccba7,real,4063,16469,4182,12287,2716.6,33.7,15004,0.911,0.254,0.744,635.4,43,yes,no,0.000
dbdbfec40200f8d38e5910c7040a82fe,real,948,5563,1005,4558,3418.7,11.0,5397,0.970,0.181,0.817,881.6,24,no,no,0.000
dc0763d75a92b495e78a6470c8a6f046,real,1660,3851,1794,2057,2520.9,8.9,3782,0.982,0.466,0.530,1345.7,15,yes,no,0.000
dc5a49e9d5ea9b7c9e4ea4b8f9477930,real,1503,5347,1619,3728,3766.4,26.3,5041,0.943,0.303,0.693,1181.1,25,yes,no,0.000
dc8ca66d64b243fd6afc1b9d8f3ee0c2,real,1560,3618,1578,2040,4890.2,12.4,3581,0.990,0.436,0.562,4252.4,14,yes,no,0.000
dc94335c5aeb5a045f45a9ada925cec6,real,271,622,270,352,258.1,14.3,602,0.968,0.434,0.542,161.5,6,no,no,0.000
dc9f81ac6a90ad762730fcfce6426a56,real,569,1383,563,820,1642.0,22.3,1317,0.952,0.407,0.582,727.4,10,no,no,0.000
dcc1f78f64b1d1425283b52b3728139c,real,459,1330,441,889,3585.5,229.3,533,0.217,0.332,0.650,731.1,40,no,no,0.000
dcc2425c47c3a6a8e7833d97d8d023d9,real,1038,1899,1217,682,1033.7,13.0,1855,0.977,0.641,0.353,502.6,8,yes,no,0.000
dd46f7bfaeab9b353280da440c04dda5,real,576,1860,613,1247,641.7,22.7,1817,0.977,0.330,0.664,327.6,8,no,no,0.000
dd4bdb036fc31c00628fe5bd1b0bbf87,real,94,94,94,0,11.1,4.6,94,1.000,1.000,0.021,3.4,1,no,no,0.000
dd904756ae572245bca2b862b802e356,real,26,225,15,210,175.3,23.7,214,0.951,0.067,0.893,103.6,4,no,no,0.000
ddc31ea9d9c711443d927321adc89e0e,real,350,1381,339,1042,3074.8,25.8,1305,0.945,0.245,0.741,1391.1,18,no,no,0.000
ddedeccaac3c74fd4624744dd7aec043,real,57,1206,45,1161,227.5,11.7,1190,0.987,0.037,0.954,96.7,7,no,no,0.000
de46f0159c5ab1ef636987412e873eb3,real,93,237,87,150,80.8,17.1,233,0.983,0.367,0.603,51.4,3,no,no,0.000
de578b7cc4aa2badd6690a4ddc0209db,real,942,4436,1029,3407,761.0,21.4,4267,0.962,0.232,0.767,210.0,17,no,no,0.000
de5e8a736965d2e715a00bcc333445f3,real,108,700,104,596,614.2,14.5,690,0.986,0.149,0.846,462.4,5,no,no,0.000
de632a7b58d5aa280a0973a4e520123b,real,351,3298,349,2949,1169.8,24.2,3132,0.950,0.106,0.888,233.5,24,no,no,0.000
de65d461dea44806d3d7dccbb7a0e7ff,real,439,697,431,266,45.2,12.7,692,0.993,0.618,0.363,19.7,2,no,no,0.000
de6e135525263b97fed8b3cb6a737f63,real,51,283,30,253,260.8,20.4,278,0.982,0.106,0.827,213.8,3,no,no,0.000
de78a5aa7a88c3e7c94717e3418a14d8,real,324,748,333,415,162.9,22.0,719,0.961,0.445,0.548,78.2,5,no,no,0.000
df3c9be6baf4983e0c2da3a40aa88b99,real,48,289,42,247,75.1,33.0,270,0.934,0.145,0.841,16.9,4,no,no,0.000
dfbbd0108763bb3da63f4ad54deec1c6,real,556,937,557,380,87.2,17.0,919,0.981,0.594,0.395,16.1,4,no,no,0.000
dfe06e2f94b65bf6381be618fb7e658d,real,1225,2039,1354,685,847.3,23.9,1941,0.952,0.664,0.333,686.9,7,yes,no,0.000
dfefc7de154241d2a9e12218bafa70e3,real,3137,7300,3387,3913,1258.8,9.9,7174,0.983,0.464,0.534,419.0,13,yes,no,0.000
e00dea021742ddb589a547f463f6f91d,real,1454,3274,1545,1729,2952.5,17.0,3201,0.978,0.472,0.525,1234.0,12,yes,no,0.000
e0222070386ac008e02cddacedd29cc2,real,195,417,193,224,1347.7,41.1,372,0.892,0.463,0.523,1174.2,6,no,no,0.000
e04149593b6ac36a44d90ca2d0b806cb,real,166,362,162,200,215.4,8.7,356,0.983,0.448,0.539,146.2,4,no,no,0.000
e09edd21ad8d9f24d5505c6801929cdc,real,802,1795,798,997,3095.7,16.6,1752,0.976,0.445,0.547,681.8,21,no,no,0.000
e0a84722c5de33c220e72d7a18851ae4,real,601,1750,616,1134,2539.0,25.9,1656,0.946,0.352,0.638,569.4,27,no,no,0.000
e0a93a54552feeff9b40e25250c00126,real,787,2114,796,1318,1657.0,24.4,2002,0.947,0.377,0.619,1009.6,12,no,no,0.000
e0fa06aa2ffcb7e40ed628a89a3d2693,real,2232,4194,2312,1882,1112.2,9.2,4139,0.987,0.551,0.445,669.2,10,yes,no,0.000
e12b680d0e8c912428fd2d20131c5032,real,458,2148,450,1698,4278.3,184.1,1630,0.759,0.209,0.780,2913.0,37,no,no,0.000
e13bbda65dc42499774ac6321d0916ff,real,374,4981,354,4627,1620.6,37.2,4246,0.854,0.071,0.924,623.2,19,no,no,0.000
e151ba17988a614d80131574a692d87b,real,1471,2216,1682,534,1852.8,15.8,2122,0.958,0.759,0.236,836.7,24,yes,no,0.000
e1847c771242e025027fba0a92a89fca,real,3181,4896,3316,1580,1161.6,13.8,4839,0.988,0.677,0.321,287.1,13,yes,no,0.000
e1918d9519bc062becb36cf184922d0e,real,453,949,451,498,1958.7,18.5,912,0.961,0.475,0.515,821.4,12,no,no,0.000
e1a0c67ac0d1dcf4afdf0c3dc5ec0bf3,real,553,2008,543,1465,1803.8,20.9,1940,0.966,0.270,0.724,660.3,21,no,no,0.000
e207d65f4c4db723c7798d3ce142eb5f,real,612,2043,613,1430,4265.8,87.3,1463,0.717,0.300,0.693,1914.9,38,no,no,0.000
e24e2dbbf24feb7c9c1ffed58d817951,real,1097,1651,1200,451,347.9,7.8,1611,0.976,0.727,0.268,131.7,9,yes,no,0.000
e2f18de93150d808dcfc8056deccedeb,real,32,192,29,163,607.7,21.6,183,0.953,0.151,0.844,201.2,8,no,no,0.000
e37424dd17270820e122e465d4c3239f,real,595,1859,585,1274,993.8,14.4,1809,0.973,0.315,0.677,584.3,10,no,no,0.000
e37dc8257ea71ac469d0bceac6b02ef8,real,234,2002,228,1774,2081.2,7.7,1985,0.992,0.114,0.882,871.6,8,no,no,0.000
e3ba35139c6e9f4a61b7801c4554e16e,real,175,382,165,217,46.4,7.3,378,0.990,0.432,0.539,14.2,2,no,no,0.000
e3dac0a76360b3a8c43e1b4dee79e35c,real,1251,2330,1309,1021,2830.6,11.7,2292,0.984,0.562,0.435,1966.3,11,yes,no,0.000
e429ee099559f245f33a7f6342d20c8a,real,3149,7750,3318,4432,4274.1,37.7,6488,0.837,0.428,0.571,3171.9,21,yes,no,0.000
e493c57d82d132785869d55b822ad508,real,256,546,242,304,315.5,14.6,533,0.976,0.443,0.529,242.3,5,no,no,0.000
e4cd4931ea5486b084ee45e4907b19b5,real,488,1071,472,599,325.1,22.7,1026,0.958,0.441,0.541,92.4,10,no,no,0.000
e4ff485ccabb7a42d6a8363fed803545,real,346,999,344,655,735.7,29.0,893,0.894,0.344,0.647,633.1,6,no,no,0.000
e50aecefbbe77cf1562699868c734a96,real,594,1256,597,659,1100.8,6.5,1240,0.987,0.475,0.515,476.4,7,no,no,0.000
e58febb9b341be25b83d2d0af585a58d,real,1124,1773,1201,572,426.0,14.0,1730,0.976,0.677,0.317,306.6,6,yes,no,0.000
e5e991e493036f9a6becc3cd18833400,real,234,1320,219,1101,3748.3,103.8,1166,0.883,0.166,0.819,520.1,30,no,no,0.000
e6213b10820c05b85228cd3063348b00,real,690,3094,698,2396,71.8,5.2,3088,0.998,0.226,0.770,18.7,3,no,no,0.000
e65c5c8524f0b64819634862b47e3689,real,164,359,156,203,187.8,40.5,328,0.914,0.435,0.532,47.6,7,no,no,0.000
e6a7a31fe616ec1c75235761957fe702,real,1609,2944,1686,1258,2954.2,48.5,1746,0.337,0.573,0.422,785.8,20,yes,no,0.000
e6b8062505de2545b6316d79b4800ddc,real,307,529,306,223,41.0,10.2,526,0.994,0.578,0.418,7.8,2,no,no,0.000
e6e59e7f38205d1f82ee9ca0a0c5d61b,real,2844,3196,3196,0,4952.3,1453.6,2044,0.640,1.000,0.004,357.2,121,yes,no,0.000
e6e9b9368308451dc4f8a9f601067255,real,1360,4492,1436,3056,3472.9,277.7,1864,0.410,0.320,0.676,352.3,58,yes,no,0.000
e6f090fe8de34c99d4bf2045a9344cc6,real,500,1644,498,1146,2844.6,48.0,1527,0.929,0.303,0.687,569.4,32,no,no,0.000
e6f166a45bdd64e618d72141d5403289,real,1013,4844,1029,3815,2242.5,12.8,4705,0.971,0.212,0.786,1717.8,18,yes,no,0.000
e6fb0e2d1149cc832cc884acd18eaaf9,real,278,567,273,294,116.9,14.6,551,0.972,0.481,0.503,21.8,5,no,no,0.000
e73ac67fc12cc034cfe173cd12050eb2,real,51,50,50,0,8.5,8.5,50,1.000,1.000,0.020,8.3,1,no,no,0.000
e76b1640bfaf5367eb1f60dcb06278d7,real,383,764,467,297,47.8,15.6,753,0.986,0.611,0.370,9.4,2,no,no,0.000
e7d10a85c92eabab418c278487e73b4b,real,340,600,329,271,38.5,5.3,598,0.997,0.548,0.428,11.8,2,no,no,0.000
e7db361d76c43b8c9f67b1a0aa5ba0db,real,251,474,244,230,3471.7,6.8,465,0.981,0.515,0.468,3411.1,3,no,yes,0.000
e7efb0a56518f75aab9e678b0516584f,real,622,2393,609,1784,2969.9,193.8,2013,0.841,0.254,0.739,1747.2,25,no,no,0.000
e853c2f0c7ac57aeb7760e2c9f4cfa5e,real,143,368,145,223,2473.3,12.7,366,0.995,0.394,0.603,2443.4,3,no,no,0.000
e85d6edd8df2bf7059d3533afe7fd584,real,2159,4324,2249,2075,600.3,18.6,4233,0.979,0.520,0.477,159.1,14,yes,no,0.000
e8dbd66271ffd5d66fc8264172b3bbc1,real,435,889,427,462,254.7,19.2,870,0.979,0.480,0.504,130.3,7,no,no,0.000
e969681c60ee7474163df92846399591,real,985,1735,1013,722,81.2,6.2,1719,0.991,0.584,0.410,16.4,4,no,no,0.000
e96da9c485ad4f30886e233117771b3e,real,578,4784,578,4206,3819.9,23.0,4584,0.958,0.121,0.876,1074.0,28,no,no,0.000
e97c4e612e71294955e44d9fb7d21dde,real,554,1599,544,1055,1800.9,10.0,1565,0.979,0.340,0.652,830.8,8,no,no,0.000
e9cc6a877ed37e043c2292ae8fab57fc,real,2860,19239,3097,16142,3234.3,25.3,18174,0.945,0.161,0.838,647.0,48,yes,no,0.000
ea19f1de26ab34b021e5fb77fd2c8fd0,real,403,965,408,557,574.6,40.5,875,0.907,0.423,0.559,297.5,11,no,no,0.000
ea391e473c1f38a5438a2ef9606d6406,real,156,406,157,249,81.1,25.5,379,0.933,0.387,0.601,25.4,4,no,no,0.000
eaa3e1c953626d16fcd1d2fda909b666,real,550,1325,552,773,5055.6,22.7,1266,0.955,0.417,0.571,1135.4,26,no,no,0.000
eb00ce34607cf8a8bc982dcd6420c7fa,real,269,478,267,211,56.1,14.0,476,0.996,0.559,0.439,18.2,3,no,no,0.000
eb954991da61a475b7a24b6923df8032,real,589,1936,592,1344,4582.1,12.2,1902,0.982,0.306,0.685,3073.0,15,no,no,0.000
eb9842edb2951279d8ba1d3255db1df0,real,863,2503,899,1604,2416.0,23.4,2387,0.954,0.359,0.632,1212.7,20,no,no,0.000
ebd56fcc0f29b9c7c3f25f346b9e1362,real,604,1701,601,1100,2380.7,17.7,1627,0.957,0.353,0.638,1022.4,16,no,no,0.000
ebe3be68d2509339a1846e85a51c2833,real,1067,2795,2423,372,343.1,18.7,2729,0.976,0.867,0.132,192.9,5,yes,no,0.000
ec37ad5985759883b48ed2718edcf8a5,real,671,2034,662,1372,5173.9,18.5,1951,0.959,0.325,0.666,1968.6,31,no,no,0.000
ec5bb190081770a127f3b104ad04f7eb,real,328,802,326,476,439.2,23.5,764,0.953,0.406,0.571,220.4,7,no,no,0.000
ecabff94a6b47ed0a162f4d9a0d1c328,real,31,209,27,182,67.8,18.8,207,0.990,0.129,0.861,24.7,2,no,no,0.000
ecdbc744896e51d7d80bc0c9bf7436c4,real,78,152,64,88,32.3,20.9,151,0.993,0.421,0.500,8.4,2,no,no,0.000
ed11128e205dae608dc14d93830ccb51,real,613,1627,624,1003,777.2,26.9,1532,0.942,0.384,0.608,399.5,7,no,no,0.000
ed209dacfb7e93ed1381497a3fee6c20,real,3151,7640,3323,4317,5027.9,25.3,6526,0.855,0.435,0.562,3339.5,28,yes,no,0.000
ed3da272a29d4212d08892d445545cf3,real,1458,2289,1613,676,173.2,6.5,2272,0.993,0.705,0.291,95.2,5,yes,no,0.000
ee269538760027d3e63b5818b693f593,real,910,3480,899,2581,4365.2,25.0,3292,0.946,0.258,0.735,922.8,43,no,no,0.000
ee426f27a2b21f5f0925b76df49ac84e,real,443,1392,553,839,388.7,16.1,1341,0.963,0.397,0.593,173.2,8,no,no,0.000
eed7be6ed72497259bc7b060d16c41bf,real,173,352,158,194,72.1,13.2,348,0.989,0.449,0.506,25.4,3,no,no,0.000
eefa383a7ce149250f527262b835c272,real,528,1347,526,821,366.3,20.1,1307,0.970,0.390,0.599,112.4,9,no,no,0.000
ef10337520952dcdb40a543c705e06ce,real,232,487,230,257,96.0,10.0,477,0.982,0.472,0.526,55.7,3,no,no,0.000
ef11dbed7cddcc8bc5f22acd3c78bbc0,real,95,200,88,112,1680.9,20.9,193,0.965,0.440,0.530,1112.8,5,no,no,0.000
ef4607464c9c60a037cdaa4ed8932df8,real,1054,1812,1159,653,653.6,8.8,1784,0.985,0.640,0.354,506.1,7,yes,no,0.000
ef461466931ad68b0c12b7bec476bb16,real,1500,3172,1504,1668,2170.2,8.7,3125,0.985,0.474,0.520,1714.5,12,yes,no,0.000
ef58a3fbc4bf91eac3f2cc477e0ddc89,real,282,464,279,185,76.3,8.9,459,0.989,0.601,0.390,28.1,4,no,no,0.000
ef73043cff35fe60949adcd681c4c51a,real,219,552,218,334,1287.3,26.8,516,0.935,0.395,0.601,1114.4,8,no,no,0.000
efe7e9233a81df0217c1c17744bd4c92,real,349,1027,339,688,781.0,21.1,979,0.953,0.330,0.659,618.4,7,no,no,0.000
f035fa333982fcd6ac6744bbdaf3751d,real,278,815,278,537,76.1,25.9,755,0.926,0.341,0.654,26.2,4,no,no,0.000
f044affb043cd0b53c62fcd68e986944,real,671,3512,718,2794,3687.4,1293.6,578,0.087,0.204,0.788,153.0,120,no,no,0.000
f08a74f88f27bc87052bea719a3104c0,real,381,1083,370,713,818.8,34.0,914,0.844,0.342,0.643,280.4,8,no,no,0.000
f08d0fc2e5b2623fecdd81f1fadf4e5d,real,158,310,155,155,47.4,8.6,306,0.987,0.500,0.497,20.9,2,no,no,0.000
f0a385e27bc3a6af063b35f225e3e24d,real,793,2573,779,1794,4345.2,78.0,2030,0.789,0.303,0.690,1315.9,29,no,no,0.000
f0ba29bdefb7df26869d860ace667bbd,real,634,1657,633,1024,4682.6,25.1,1572,0.949,0.382,0.605,1325.6,17,no,no,0.000
f12600e611017dead39ae64fe583d88f,real,384,1081,368,713,2078.2,37.3,1007,0.932,0.340,0.640,801.6,26,no,no,0.000
f127649fa063ff962a34a66f7410a805,real,1521,3160,1610,1550,1854.9,11.8,3085,0.976,0.509,0.485,1289.9,14,yes,no,0.000
f162ef8a5b1ed97f7312f54a91a7ce55,real,330,1024,327,697,594.8,42.4,521,0.509,0.319,0.672,318.3,8,no,no,0.000
f1e36472d2d8b57be828f9786168acda,real,3016,6328,3211,3117,3994.4,4.8,6272,0.991,0.507,0.491,1618.7,16,yes,no,0.000
f1efab07f88b8c61557606e6e09e2ebe,real,174,1623,162,1461,2060.4,9.7,1589,0.979,0.100,0.892,1785.1,6,no,no,0.000
f2095a57cf6b9e47d8f9ddc4c875ef91,real,29,4469,5,4464,2754.7,114.8,2855,0.639,0.001,0.994,914.7,29,no,no,0.000
f24f56744a6b284cfcdbee5eef1624b1,real,178,303,178,125,75.6,18.4,290,0.957,0.587,0.406,18.1,4,no,no,0.000
f273d20e6c1a597ede18e7138f00573f,real,364,1354,365,989,110.2,8.2,1342,0.991,0.270,0.730,47.0,4,no,no,0.000
f2b33cc83c28df313036c1045f7d8422,real,926,5347,956,4391,1720.0,24.6,5054,0.945,0.179,0.819,630.6,18,no,no,0.000
f3556149fcf4f9e989961c247217fe80,real,499,1563,485,1078,2715.0,72.1,1396,0.893,0.310,0.678,1080.7,23,no,no,0.000
f377a8189ac4a1ea46a7cb11fa7ed033,real,379,985,367,618,1511.9,57.0,757,0.770,0.373,0.610,903.0,12,no,no,0.000
f38ff54ea0fb76614b7126b4d31f3450,real,390,721,385,336,88.3,11.6,708,0.982,0.534,0.451,33.0,4,no,no,0.000
f4460be18553fc1e89d209a5b2ed352f,real,32,177,15,162,83.5,13.7,175,0.989,0.085,0.831,58.0,3,no,no,0.000
f449d15ca9ac75a23c71f1e63e5cc174,real,301,6832,294,6538,4921.1,8.9,6733,0.986,0.043,0.956,2169.4,16,no,no,0.000
f4b357959fa53dd20632a3c3ec10aa85,real,1196,2285,1300,985,841.7,8.9,2251,0.985,0.569,0.426,448.6,11,yes,no,0.000
f4e90c836f55dd694fda6c7505ccbf58,real,361,1547,348,1199,2066.0,19.9,1487,0.961,0.225,0.763,621.9,16,no,no,0.000
f5239e340144c9c33ad419ba015f8a2c,real,508,1170,505,665,456.4,23.8,1114,0.952,0.432,0.561,324.9,6,no,no,0.000
f5538106b81449023cc8239d241910b9,real,1108,2932,1119,1813,2886.6,9.4,2904,0.990,0.382,0.617,1852.1,9,yes,no,0.000
f558a4ae02b579f7198ff71e5d2b3892,real,370,782,365,417,34.3,8.2,779,0.996,0.467,0.514,9.3,2,no,no,0.000
f5bc50877258c35cbda5cd98445cda43,real,233,382,227,155,47.3,23.5,364,0.955,0.594,0.385,13.1,2,no,no,0.000
f5fd694637b0ad3b5e65d765627de670,real,537,1626,533,1093,472.0,6.9,1612,0.991,0.328,0.666,274.3,6,no,no,0.000
f6a6d35c2847a9b31a4715f428fc8aa5,real,137,504,131,373,238.9,13.5,493,0.978,0.260,0.722,113.1,6,no,no,0.000
f6be528306946b6ac0bbcdb4bb40dadb,real,316,1143,301,842,1591.6,25.8,1080,0.945,0.263,0.720,573.4,15,no,no,0.000
f77eadfaefa2b475ae482735e63e3474,real,372,609,371,238,49.0,8.4,601,0.987,0.609,0.388,9.0,3,no,no,0.000
f8251a3580164d4c225004810bc7eb40,real,622,1226,627,599,57.7,6.2,1213,0.989,0.511,0.483,17.8,3,no,no,0.000
f8508e6e44d5d2398b173c30daf05360,real,1163,2727,1281,1446,474.8,14.1,2656,0.974,0.470,0.524,134.7,11,yes,no,0.000
f8c775fc1a2a41bea53d8e75c833e3af,real,684,2461,679,1782,3030.2,151.3,2002,0.813,0.276,0.716,325.2,43,no,no,0.000
f8f19fd8e526a1ab7c8d1f311e52ee23,real,305,1732,296,1436,3119.9,29.2,1604,0.926,0.171,0.820,1756.4,14,no,no,0.000
f8f6f803c4e514c812e49a7b2a3e5d72,real,853,2585,850,1735,2999.8,38.3,1906,0.738,0.329,0.664,901.4,28,no,no,0.000
f90e494a29649fab5e9044f1e3ac8c83,real,504,646,515,131,25.2,4.8,645,0.998,0.797,0.180,6.7,2,no,no,0.000
f96123d85d2f0068497101695d8877bb,real,402,682,420,262,64.4,18.4,661,0.969,0.616,0.383,23.6,3,no,no,0.000
f9941920b75c15a8550dc5bef2614f4d,real,1140,4472,1238,3234,2414.2,26.7,4179,0.934,0.277,0.718,514.0,29,yes,no,0.000
f9e9a0ad6e71eb9fba70db3bda438d42,real,1799,6572,1946,4626,2286.1,23.8,6260,0.953,0.296,0.700,817.6,23,yes,no,0.000
fa1cca84d10bb34bf72ebe55682b028b,real,670,1602,696,906,3714.1,17.0,1542,0.963,0.434,0.553,2191.0,15,no,no,0.000
fa8dfb34d50033c6dab77b207981749e,real,358,780,349,431,646.3,12.8,764,0.979,0.447,0.535,285.6,6,no,no,0.000
fa9c60b42c16f8b2a0086282458b1c4b,real,298,1401,297,1104,530.6,28.1,1274,0.909,0.212,0.779,120.3,9,no,no,0.000
faa2306747ee5d64cf9ab39d569d538a,real,1826,4538,1968,2570,1263.1,24.0,4380,0.970,0.434,0.562,387.7,20,yes,no,0.000
faacabe38cebd6f4c6c26ccab7b3f80a,real,261,558,260,298,72.7,11.5,540,0.968,0.466,0.518,12.2,4,no,no,0.000
fabaf1c97eb5b61371d96880b3f4ad5b,real,1089,1907,1158,749,2238.0,10.1,1895,0.994,0.607,0.382,1557.4,7,yes,no,0.000
fb29bff12c224ba8d53c218613498eb2,real,836,3196,838,2358,3142.6,42.4,2969,0.929,0.262,0.731,762.2,35,no,no,0.000
fb2d8aac5c93d0d9b70c9af1c27bf78d,real,441,1475,433,1042,1791.7,33.4,1393,0.945,0.294,0.698,1179.2,19,no,no,0.000
fb56a5cc1ba295a15799d9ef647df33e,real,693,2140,704,1436,3300.6,72.7,1940,0.907,0.329,0.666,1506.1,22,no,no,0.000
fb5be4631c81e82545a42d6e508b7061,real,3424,7218,3578,3640,4665.8,19.2,7014,0.972,0.496,0.502,2406.9,30,yes,no,0.000
fba3092ccae6de21d19d0437928b7bca,real,1065,2381,1123,1258,721.2,13.2,2353,0.988,0.472,0.522,289.0,12,yes,no,0.000
fbc38acb7984356b1d809e9a157142a7,real,184,840,176,664,503.9,19.6,810,0.964,0.210,0.781,224.7,7,no,no,0.000
fbc5933ac8e4a6c47de04089d51dc4f9,real,1074,3199,1217,1982,3748.0,25.6,2865,0.896,0.380,0.615,2952.2,15,yes,no,0.000
fbd5b9586fc955871e5c63b36b404aee,real,493,1048,496,552,265.5,9.6,1035,0.988,0.473,0.523,124.0,5,no,no,0.000
fc1e4faadd61711e340546898b9ed011,real,57,258,51,207,541.8,19.5,251,0.973,0.198,0.783,426.8,6,no,no,0.000
fcb1b86f703ac172964518c84fde7d12,real,691,3187,678,2509,2643.8,8.6,3131,0.982,0.213,0.781,668.6,16,no,no,0.000
fcd970eed5f3a77d57755dc36564eb9e,real,118,976,101,875,1254.9,27.3,922,0.945,0.103,0.878,542.0,15,no,no,0.000
fd19dd5314c0046455fc2f3e2d160aa5,real,1099,2189,1173,1016,649.0,10.5,2134,0.975,0.536,0.459,245.2,8,yes,no,0.000
fd2440277ac5ec75029bedf9243c117a,real,441,1916,430,1486,4718.1,24.5,1810,0.945,0.224,0.766,3601.9,14,no,no,0.000
fd5644e3b2bdee453d4d721d71a32e5f,real,415,845,416,429,582.2,7.8,841,0.995,0.492,0.501,347.0,4,no,no,0.000
fd71c1ebbb11c44037fe5d8f1d9d4097,real,72,555,60,495,882.3,9.2,548,0.987,0.108,0.868,612.5,6,no,no,0.000
fe188ba93114947e7e0e6242043d5dda,real,493,3678,518,3160,5283.1,545.9,1073,0.292,0.141,0.855,834.7,97,no,no,0.000
fe4180ccd8832ad5ae54abdc225c0a0c,real,523,1070,521,549,407.8,15.2,1054,0.985,0.487,0.503,152.6,6,no,no,0.000
ff00fe9d14b3a22c73e78feb314b8e14,real,1294,4553,1458,3095,4239.8,89.0,2617,0.575,0.320,0.676,838.6,44,yes,no,0.000
ff93cec7b743128af714b4dfc543ab79,real,460,5241,443,4798,4409.1,195.8,4334,0.038,0.085,0.911,958.5,52,no,no,0.000
